SNP	GENE	CELL_TYPE	PVALUE	SLOPE
rs0	GENE1	Neuron	1e-12	0.6
rs0	GENE1	Astrocyte	0.01	0.1
rs1	GENE1	Neuron	1e-12	0.6
rs1	GENE1	Astrocyte	0.01	0.1
rs2	GENE1	Neuron	1e-12	0.6
rs2	GENE1	Astrocyte	0.01	0.1
rs3	GENE1	Neuron	1e-12	0.6
rs3	GENE1	Astrocyte	0.01	0.1
rs4	GENE1	Neuron	1e-12	0.6
rs4	GENE1	Astrocyte	0.01	0.1
rs5	GENE1	Neuron	1e-12	0.6
rs5	GENE1	Astrocyte	0.01	0.1
rs6	GENE1	Neuron	1e-12	0.6
rs6	GENE1	Astrocyte	0.01	0.1
rs7	GENE1	Neuron	1e-12	0.6
rs7	GENE1	Astrocyte	0.01	0.1
rs8	GENE1	Neuron	1e-12	0.6
rs8	GENE1	Astrocyte	0.01	0.1
rs9	GENE1	Neuron	1e-12	0.6
rs9	GENE1	Astrocyte	0.01	0.1
rs10	GENE2	Neuron	1e-12	0.6
rs10	GENE2	Astrocyte	0.01	0.1
rs11	GENE2	Neuron	1e-12	0.6
rs11	GENE2	Astrocyte	0.01	0.1
rs12	GENE2	Neuron	1e-12	0.6
rs12	GENE2	Astrocyte	0.01	0.1
rs13	GENE2	Neuron	1e-12	0.6
rs13	GENE2	Astrocyte	0.01	0.1
rs14	GENE2	Neuron	1e-12	0.6
rs14	GENE2	Astrocyte	0.01	0.1
rs15	GENE2	Neuron	1e-12	0.6
rs15	GENE2	Astrocyte	0.01	0.1
rs16	GENE2	Neuron	1e-12	0.6
rs16	GENE2	Astrocyte	0.01	0.1
rs17	GENE2	Neuron	1e-12	0.6
rs17	GENE2	Astrocyte	0.01	0.1
rs18	GENE2	Neuron	1e-12	0.6
rs18	GENE2	Astrocyte	0.01	0.1
rs19	GENE2	Neuron	1e-12	0.6
rs19	GENE2	Astrocyte	0.01	0.1
rs20	GENE3	Neuron	1e-12	0.6
rs20	GENE3	Astrocyte	0.01	0.1
rs21	GENE3	Neuron	1e-12	0.6
rs21	GENE3	Astrocyte	0.01	0.1
rs22	GENE3	Neuron	1e-12	0.6
rs22	GENE3	Astrocyte	0.01	0.1
rs23	GENE3	Neuron	1e-12	0.6
rs23	GENE3	Astrocyte	0.01	0.1
rs24	GENE3	Neuron	1e-12	0.6
rs24	GENE3	Astrocyte	0.01	0.1
rs25	GENE3	Neuron	1e-12	0.6
rs25	GENE3	Astrocyte	0.01	0.1
rs26	GENE3	Neuron	1e-12	0.6
rs26	GENE3	Astrocyte	0.01	0.1
rs27	GENE3	Neuron	1e-12	0.6
rs27	GENE3	Astrocyte	0.01	0.1
rs28	GENE3	Neuron	1e-12	0.6
rs28	GENE3	Astrocyte	0.01	0.1
rs29	GENE3	Neuron	1e-12	0.6
rs29	GENE3	Astrocyte	0.01	0.1
rs30	GENE4	Neuron	1e-12	0.6
rs30	GENE4	Astrocyte	0.01	0.1
rs31	GENE4	Neuron	1e-12	0.6
rs31	GENE4	Astrocyte	0.01	0.1
rs32	GENE4	Neuron	1e-12	0.6
rs32	GENE4	Astrocyte	0.01	0.1
rs33	GENE4	Neuron	1e-12	0.6
rs33	GENE4	Astrocyte	0.01	0.1
rs34	GENE4	Neuron	1e-12	0.6
rs34	GENE4	Astrocyte	0.01	0.1
rs35	GENE4	Neuron	1e-12	0.6
rs35	GENE4	Astrocyte	0.01	0.1
rs36	GENE4	Neuron	1e-12	0.6
rs36	GENE4	Astrocyte	0.01	0.1
rs37	GENE4	Neuron	1e-12	0.6
rs37	GENE4	Astrocyte	0.01	0.1
rs38	GENE4	Neuron	1e-12	0.6
rs38	GENE4	Astrocyte	0.01	0.1
rs39	GENE4	Neuron	1e-12	0.6
rs39	GENE4	Astrocyte	0.01	0.1
rs40	GENE5	Neuron	1e-12	0.6
rs40	GENE5	Astrocyte	0.01	0.1
rs41	GENE5	Neuron	1e-12	0.6
rs41	GENE5	Astrocyte	0.01	0.1
rs42	GENE5	Neuron	1e-12	0.6
rs42	GENE5	Astrocyte	0.01	0.1
rs43	GENE5	Neuron	1e-12	0.6
rs43	GENE5	Astrocyte	0.01	0.1
rs44	GENE5	Neuron	1e-12	0.6
rs44	GENE5	Astrocyte	0.01	0.1
rs45	GENE5	Neuron	1e-12	0.6
rs45	GENE5	Astrocyte	0.01	0.1
rs46	GENE5	Neuron	1e-12	0.6
rs46	GENE5	Astrocyte	0.01	0.1
rs47	GENE5	Neuron	1e-12	0.6
rs47	GENE5	Astrocyte	0.01	0.1
rs48	GENE5	Neuron	1e-12	0.6
rs48	GENE5	Astrocyte	0.01	0.1
rs49	GENE5	Neuron	1e-12	0.6
rs49	GENE5	Astrocyte	0.01	0.1
rs50	GENE6	Neuron	1e-12	0.6
rs50	GENE6	Astrocyte	0.01	0.1
rs51	GENE6	Neuron	1e-12	0.6
rs51	GENE6	Astrocyte	0.01	0.1
rs52	GENE6	Neuron	1e-12	0.6
rs52	GENE6	Astrocyte	0.01	0.1
rs53	GENE6	Neuron	1e-12	0.6
rs53	GENE6	Astrocyte	0.01	0.1
rs54	GENE6	Neuron	1e-12	0.6
rs54	GENE6	Astrocyte	0.01	0.1
rs55	GENE6	Neuron	1e-12	0.6
rs55	GENE6	Astrocyte	0.01	0.1
rs56	GENE6	Neuron	1e-12	0.6
rs56	GENE6	Astrocyte	0.01	0.1
rs57	GENE6	Neuron	1e-12	0.6
rs57	GENE6	Astrocyte	0.01	0.1
rs58	GENE6	Neuron	1e-12	0.6
rs58	GENE6	Astrocyte	0.01	0.1
rs59	GENE6	Neuron	1e-12	0.6
rs59	GENE6	Astrocyte	0.01	0.1
rs60	GENE7	Neuron	1e-12	0.6
rs60	GENE7	Astrocyte	0.01	0.1
rs61	GENE7	Neuron	1e-12	0.6
rs61	GENE7	Astrocyte	0.01	0.1
rs62	GENE7	Neuron	1e-12	0.6
rs62	GENE7	Astrocyte	0.01	0.1
rs63	GENE7	Neuron	1e-12	0.6
rs63	GENE7	Astrocyte	0.01	0.1
rs64	GENE7	Neuron	1e-12	0.6
rs64	GENE7	Astrocyte	0.01	0.1
rs65	GENE7	Neuron	1e-12	0.6
rs65	GENE7	Astrocyte	0.01	0.1
rs66	GENE7	Neuron	1e-12	0.6
rs66	GENE7	Astrocyte	0.01	0.1
rs67	GENE7	Neuron	1e-12	0.6
rs67	GENE7	Astrocyte	0.01	0.1
rs68	GENE7	Neuron	1e-12	0.6
rs68	GENE7	Astrocyte	0.01	0.1
rs69	GENE7	Neuron	1e-12	0.6
rs69	GENE7	Astrocyte	0.01	0.1
rs70	GENE8	Neuron	1e-12	0.6
rs70	GENE8	Astrocyte	0.01	0.1
rs71	GENE8	Neuron	1e-12	0.6
rs71	GENE8	Astrocyte	0.01	0.1
rs72	GENE8	Neuron	1e-12	0.6
rs72	GENE8	Astrocyte	0.01	0.1
rs73	GENE8	Neuron	1e-12	0.6
rs73	GENE8	Astrocyte	0.01	0.1
rs74	GENE8	Neuron	1e-12	0.6
rs74	GENE8	Astrocyte	0.01	0.1
rs75	GENE8	Neuron	1e-12	0.6
rs75	GENE8	Astrocyte	0.01	0.1
rs76	GENE8	Neuron	1e-12	0.6
rs76	GENE8	Astrocyte	0.01	0.1
rs77	GENE8	Neuron	1e-12	0.6
rs77	GENE8	Astrocyte	0.01	0.1
rs78	GENE8	Neuron	1e-12	0.6
rs78	GENE8	Astrocyte	0.01	0.1
rs79	GENE8	Neuron	1e-12	0.6
rs79	GENE8	Astrocyte	0.01	0.1
rs80	GENE9	Neuron	1e-12	0.6
rs80	GENE9	Astrocyte	0.01	0.1
rs81	GENE9	Neuron	1e-12	0.6
rs81	GENE9	Astrocyte	0.01	0.1
rs82	GENE9	Neuron	1e-12	0.6
rs82	GENE9	Astrocyte	0.01	0.1
rs83	GENE9	Neuron	1e-12	0.6
rs83	GENE9	Astrocyte	0.01	0.1
rs84	GENE9	Neuron	1e-12	0.6
rs84	GENE9	Astrocyte	0.01	0.1
rs85	GENE9	Neuron	1e-12	0.6
rs85	GENE9	Astrocyte	0.01	0.1
rs86	GENE9	Neuron	1e-12	0.6
rs86	GENE9	Astrocyte	0.01	0.1
rs87	GENE9	Neuron	1e-12	0.6
rs87	GENE9	Astrocyte	0.01	0.1
rs88	GENE9	Neuron	1e-12	0.6
rs88	GENE9	Astrocyte	0.01	0.1
rs89	GENE9	Neuron	1e-12	0.6
rs89	GENE9	Astrocyte	0.01	0.1
rs90	GENE10	Neuron	1e-12	0.6
rs90	GENE10	Astrocyte	0.01	0.1
rs91	GENE10	Neuron	1e-12	0.6
rs91	GENE10	Astrocyte	0.01	0.1
rs92	GENE10	Neuron	1e-12	0.6
rs92	GENE10	Astrocyte	0.01	0.1
rs93	GENE10	Neuron	1e-12	0.6
rs93	GENE10	Astrocyte	0.01	0.1
rs94	GENE10	Neuron	1e-12	0.6
rs94	GENE10	Astrocyte	0.01	0.1
rs95	GENE10	Neuron	1e-12	0.6
rs95	GENE10	Astrocyte	0.01	0.1
rs96	GENE10	Neuron	1e-12	0.6
rs96	GENE10	Astrocyte	0.01	0.1
rs97	GENE10	Neuron	1e-12	0.6
rs97	GENE10	Astrocyte	0.01	0.1
rs98	GENE10	Neuron	1e-12	0.6
rs98	GENE10	Astrocyte	0.01	0.1
rs99	GENE10	Neuron	1e-12	0.6
rs99	GENE10	Astrocyte	0.01	0.1
rs100	GENE11	Neuron	1e-12	0.6
rs100	GENE11	Astrocyte	0.01	0.1
rs101	GENE11	Neuron	1e-12	0.6
rs101	GENE11	Astrocyte	0.01	0.1
rs102	GENE11	Neuron	1e-12	0.6
rs102	GENE11	Astrocyte	0.01	0.1
rs103	GENE11	Neuron	1e-12	0.6
rs103	GENE11	Astrocyte	0.01	0.1
rs104	GENE11	Neuron	1e-12	0.6
rs104	GENE11	Astrocyte	0.01	0.1
rs105	GENE11	Neuron	1e-12	0.6
rs105	GENE11	Astrocyte	0.01	0.1
rs106	GENE11	Neuron	1e-12	0.6
rs106	GENE11	Astrocyte	0.01	0.1
rs107	GENE11	Neuron	1e-12	0.6
rs107	GENE11	Astrocyte	0.01	0.1
rs108	GENE11	Neuron	1e-12	0.6
rs108	GENE11	Astrocyte	0.01	0.1
rs109	GENE11	Neuron	1e-12	0.6
rs109	GENE11	Astrocyte	0.01	0.1
rs110	GENE12	Neuron	1e-12	0.6
rs110	GENE12	Astrocyte	0.01	0.1
rs111	GENE12	Neuron	1e-12	0.6
rs111	GENE12	Astrocyte	0.01	0.1
rs112	GENE12	Neuron	1e-12	0.6
rs112	GENE12	Astrocyte	0.01	0.1
rs113	GENE12	Neuron	1e-12	0.6
rs113	GENE12	Astrocyte	0.01	0.1
rs114	GENE12	Neuron	1e-12	0.6
rs114	GENE12	Astrocyte	0.01	0.1
rs115	GENE12	Neuron	1e-12	0.6
rs115	GENE12	Astrocyte	0.01	0.1
rs116	GENE12	Neuron	1e-12	0.6
rs116	GENE12	Astrocyte	0.01	0.1
rs117	GENE12	Neuron	1e-12	0.6
rs117	GENE12	Astrocyte	0.01	0.1
rs118	GENE12	Neuron	1e-12	0.6
rs118	GENE12	Astrocyte	0.01	0.1
rs119	GENE12	Neuron	1e-12	0.6
rs119	GENE12	Astrocyte	0.01	0.1
rs120	GENE13	Neuron	1e-12	0.6
rs120	GENE13	Astrocyte	0.01	0.1
rs121	GENE13	Neuron	1e-12	0.6
rs121	GENE13	Astrocyte	0.01	0.1
rs122	GENE13	Neuron	1e-12	0.6
rs122	GENE13	Astrocyte	0.01	0.1
rs123	GENE13	Neuron	1e-12	0.6
rs123	GENE13	Astrocyte	0.01	0.1
rs124	GENE13	Neuron	1e-12	0.6
rs124	GENE13	Astrocyte	0.01	0.1
rs125	GENE13	Neuron	1e-12	0.6
rs125	GENE13	Astrocyte	0.01	0.1
rs126	GENE13	Neuron	1e-12	0.6
rs126	GENE13	Astrocyte	0.01	0.1
rs127	GENE13	Neuron	1e-12	0.6
rs127	GENE13	Astrocyte	0.01	0.1
rs128	GENE13	Neuron	1e-12	0.6
rs128	GENE13	Astrocyte	0.01	0.1
rs129	GENE13	Neuron	1e-12	0.6
rs129	GENE13	Astrocyte	0.01	0.1
rs130	GENE14	Neuron	1e-12	0.6
rs130	GENE14	Astrocyte	0.01	0.1
rs131	GENE14	Neuron	1e-12	0.6
rs131	GENE14	Astrocyte	0.01	0.1
rs132	GENE14	Neuron	1e-12	0.6
rs132	GENE14	Astrocyte	0.01	0.1
rs133	GENE14	Neuron	1e-12	0.6
rs133	GENE14	Astrocyte	0.01	0.1
rs134	GENE14	Neuron	1e-12	0.6
rs134	GENE14	Astrocyte	0.01	0.1
rs135	GENE14	Neuron	1e-12	0.6
rs135	GENE14	Astrocyte	0.01	0.1
rs136	GENE14	Neuron	1e-12	0.6
rs136	GENE14	Astrocyte	0.01	0.1
rs137	GENE14	Neuron	1e-12	0.6
rs137	GENE14	Astrocyte	0.01	0.1
rs138	GENE14	Neuron	1e-12	0.6
rs138	GENE14	Astrocyte	0.01	0.1
rs139	GENE14	Neuron	1e-12	0.6
rs139	GENE14	Astrocyte	0.01	0.1
rs140	GENE15	Neuron	1e-12	0.6
rs140	GENE15	Astrocyte	0.01	0.1
rs141	GENE15	Neuron	1e-12	0.6
rs141	GENE15	Astrocyte	0.01	0.1
rs142	GENE15	Neuron	1e-12	0.6
rs142	GENE15	Astrocyte	0.01	0.1
rs143	GENE15	Neuron	1e-12	0.6
rs143	GENE15	Astrocyte	0.01	0.1
rs144	GENE15	Neuron	1e-12	0.6
rs144	GENE15	Astrocyte	0.01	0.1
rs145	GENE15	Neuron	1e-12	0.6
rs145	GENE15	Astrocyte	0.01	0.1
rs146	GENE15	Neuron	1e-12	0.6
rs146	GENE15	Astrocyte	0.01	0.1
rs147	GENE15	Neuron	1e-12	0.6
rs147	GENE15	Astrocyte	0.01	0.1
rs148	GENE15	Neuron	1e-12	0.6
rs148	GENE15	Astrocyte	0.01	0.1
rs149	GENE15	Neuron	1e-12	0.6
rs149	GENE15	Astrocyte	0.01	0.1
rs150	GENE16	Neuron	1e-12	0.6
rs150	GENE16	Astrocyte	0.01	0.1
rs151	GENE16	Neuron	1e-12	0.6
rs151	GENE16	Astrocyte	0.01	0.1
rs152	GENE16	Neuron	1e-12	0.6
rs152	GENE16	Astrocyte	0.01	0.1
rs153	GENE16	Neuron	1e-12	0.6
rs153	GENE16	Astrocyte	0.01	0.1
rs154	GENE16	Neuron	1e-12	0.6
rs154	GENE16	Astrocyte	0.01	0.1
rs155	GENE16	Neuron	1e-12	0.6
rs155	GENE16	Astrocyte	0.01	0.1
rs156	GENE16	Neuron	1e-12	0.6
rs156	GENE16	Astrocyte	0.01	0.1
rs157	GENE16	Neuron	1e-12	0.6
rs157	GENE16	Astrocyte	0.01	0.1
rs158	GENE16	Neuron	1e-12	0.6
rs158	GENE16	Astrocyte	0.01	0.1
rs159	GENE16	Neuron	1e-12	0.6
rs159	GENE16	Astrocyte	0.01	0.1
rs160	GENE17	Neuron	1e-12	0.6
rs160	GENE17	Astrocyte	0.01	0.1
rs161	GENE17	Neuron	1e-12	0.6
rs161	GENE17	Astrocyte	0.01	0.1
rs162	GENE17	Neuron	1e-12	0.6
rs162	GENE17	Astrocyte	0.01	0.1
rs163	GENE17	Neuron	1e-12	0.6
rs163	GENE17	Astrocyte	0.01	0.1
rs164	GENE17	Neuron	1e-12	0.6
rs164	GENE17	Astrocyte	0.01	0.1
rs165	GENE17	Neuron	1e-12	0.6
rs165	GENE17	Astrocyte	0.01	0.1
rs166	GENE17	Neuron	1e-12	0.6
rs166	GENE17	Astrocyte	0.01	0.1
rs167	GENE17	Neuron	1e-12	0.6
rs167	GENE17	Astrocyte	0.01	0.1
rs168	GENE17	Neuron	1e-12	0.6
rs168	GENE17	Astrocyte	0.01	0.1
rs169	GENE17	Neuron	1e-12	0.6
rs169	GENE17	Astrocyte	0.01	0.1
rs170	GENE18	Neuron	1e-12	0.6
rs170	GENE18	Astrocyte	0.01	0.1
rs171	GENE18	Neuron	1e-12	0.6
rs171	GENE18	Astrocyte	0.01	0.1
rs172	GENE18	Neuron	1e-12	0.6
rs172	GENE18	Astrocyte	0.01	0.1
rs173	GENE18	Neuron	1e-12	0.6
rs173	GENE18	Astrocyte	0.01	0.1
rs174	GENE18	Neuron	1e-12	0.6
rs174	GENE18	Astrocyte	0.01	0.1
rs175	GENE18	Neuron	1e-12	0.6
rs175	GENE18	Astrocyte	0.01	0.1
rs176	GENE18	Neuron	1e-12	0.6
rs176	GENE18	Astrocyte	0.01	0.1
rs177	GENE18	Neuron	1e-12	0.6
rs177	GENE18	Astrocyte	0.01	0.1
rs178	GENE18	Neuron	1e-12	0.6
rs178	GENE18	Astrocyte	0.01	0.1
rs179	GENE18	Neuron	1e-12	0.6
rs179	GENE18	Astrocyte	0.01	0.1
rs180	GENE19	Neuron	1e-12	0.6
rs180	GENE19	Astrocyte	0.01	0.1
rs181	GENE19	Neuron	1e-12	0.6
rs181	GENE19	Astrocyte	0.01	0.1
rs182	GENE19	Neuron	1e-12	0.6
rs182	GENE19	Astrocyte	0.01	0.1
rs183	GENE19	Neuron	1e-12	0.6
rs183	GENE19	Astrocyte	0.01	0.1
rs184	GENE19	Neuron	1e-12	0.6
rs184	GENE19	Astrocyte	0.01	0.1
rs185	GENE19	Neuron	1e-12	0.6
rs185	GENE19	Astrocyte	0.01	0.1
rs186	GENE19	Neuron	1e-12	0.6
rs186	GENE19	Astrocyte	0.01	0.1
rs187	GENE19	Neuron	1e-12	0.6
rs187	GENE19	Astrocyte	0.01	0.1
rs188	GENE19	Neuron	1e-12	0.6
rs188	GENE19	Astrocyte	0.01	0.1
rs189	GENE19	Neuron	1e-12	0.6
rs189	GENE19	Astrocyte	0.01	0.1
rs190	GENE20	Neuron	1e-12	0.6
rs190	GENE20	Astrocyte	0.01	0.1
rs191	GENE20	Neuron	1e-12	0.6
rs191	GENE20	Astrocyte	0.01	0.1
rs192	GENE20	Neuron	1e-12	0.6
rs192	GENE20	Astrocyte	0.01	0.1
rs193	GENE20	Neuron	1e-12	0.6
rs193	GENE20	Astrocyte	0.01	0.1
rs194	GENE20	Neuron	1e-12	0.6
rs194	GENE20	Astrocyte	0.01	0.1
rs195	GENE20	Neuron	1e-12	0.6
rs195	GENE20	Astrocyte	0.01	0.1
rs196	GENE20	Neuron	1e-12	0.6
rs196	GENE20	Astrocyte	0.01	0.1
rs197	GENE20	Neuron	1e-12	0.6
rs197	GENE20	Astrocyte	0.01	0.1
rs198	GENE20	Neuron	1e-12	0.6
rs198	GENE20	Astrocyte	0.01	0.1
rs199	GENE20	Neuron	1e-12	0.6
rs199	GENE20	Astrocyte	0.01	0.1
rs200	GENE21	Neuron	1e-12	0.6
rs200	GENE21	Astrocyte	0.01	0.1
rs201	GENE21	Neuron	1e-12	0.6
rs201	GENE21	Astrocyte	0.01	0.1
rs202	GENE21	Neuron	1e-12	0.6
rs202	GENE21	Astrocyte	0.01	0.1
rs203	GENE21	Neuron	1e-12	0.6
rs203	GENE21	Astrocyte	0.01	0.1
rs204	GENE21	Neuron	1e-12	0.6
rs204	GENE21	Astrocyte	0.01	0.1
rs205	GENE21	Neuron	1e-12	0.6
rs205	GENE21	Astrocyte	0.01	0.1
rs206	GENE21	Neuron	1e-12	0.6
rs206	GENE21	Astrocyte	0.01	0.1
rs207	GENE21	Neuron	1e-12	0.6
rs207	GENE21	Astrocyte	0.01	0.1
rs208	GENE21	Neuron	1e-12	0.6
rs208	GENE21	Astrocyte	0.01	0.1
rs209	GENE21	Neuron	1e-12	0.6
rs209	GENE21	Astrocyte	0.01	0.1
rs210	GENE22	Neuron	1e-12	0.6
rs210	GENE22	Astrocyte	0.01	0.1
rs211	GENE22	Neuron	1e-12	0.6
rs211	GENE22	Astrocyte	0.01	0.1
rs212	GENE22	Neuron	1e-12	0.6
rs212	GENE22	Astrocyte	0.01	0.1
rs213	GENE22	Neuron	1e-12	0.6
rs213	GENE22	Astrocyte	0.01	0.1
rs214	GENE22	Neuron	1e-12	0.6
rs214	GENE22	Astrocyte	0.01	0.1
rs215	GENE22	Neuron	1e-12	0.6
rs215	GENE22	Astrocyte	0.01	0.1
rs216	GENE22	Neuron	1e-12	0.6
rs216	GENE22	Astrocyte	0.01	0.1
rs217	GENE22	Neuron	1e-12	0.6
rs217	GENE22	Astrocyte	0.01	0.1
rs218	GENE22	Neuron	1e-12	0.6
rs218	GENE22	Astrocyte	0.01	0.1
rs219	GENE22	Neuron	1e-12	0.6
rs219	GENE22	Astrocyte	0.01	0.1
rs220	GENE23	Neuron	1e-12	0.6
rs220	GENE23	Astrocyte	0.01	0.1
rs221	GENE23	Neuron	1e-12	0.6
rs221	GENE23	Astrocyte	0.01	0.1
rs222	GENE23	Neuron	1e-12	0.6
rs222	GENE23	Astrocyte	0.01	0.1
rs223	GENE23	Neuron	1e-12	0.6
rs223	GENE23	Astrocyte	0.01	0.1
rs224	GENE23	Neuron	1e-12	0.6
rs224	GENE23	Astrocyte	0.01	0.1
rs225	GENE23	Neuron	1e-12	0.6
rs225	GENE23	Astrocyte	0.01	0.1
rs226	GENE23	Neuron	1e-12	0.6
rs226	GENE23	Astrocyte	0.01	0.1
rs227	GENE23	Neuron	1e-12	0.6
rs227	GENE23	Astrocyte	0.01	0.1
rs228	GENE23	Neuron	1e-12	0.6
rs228	GENE23	Astrocyte	0.01	0.1
rs229	GENE23	Neuron	1e-12	0.6
rs229	GENE23	Astrocyte	0.01	0.1
rs230	GENE24	Neuron	1e-12	0.6
rs230	GENE24	Astrocyte	0.01	0.1
rs231	GENE24	Neuron	1e-12	0.6
rs231	GENE24	Astrocyte	0.01	0.1
rs232	GENE24	Neuron	1e-12	0.6
rs232	GENE24	Astrocyte	0.01	0.1
rs233	GENE24	Neuron	1e-12	0.6
rs233	GENE24	Astrocyte	0.01	0.1
rs234	GENE24	Neuron	1e-12	0.6
rs234	GENE24	Astrocyte	0.01	0.1
rs235	GENE24	Neuron	1e-12	0.6
rs235	GENE24	Astrocyte	0.01	0.1
rs236	GENE24	Neuron	1e-12	0.6
rs236	GENE24	Astrocyte	0.01	0.1
rs237	GENE24	Neuron	1e-12	0.6
rs237	GENE24	Astrocyte	0.01	0.1
rs238	GENE24	Neuron	1e-12	0.6
rs238	GENE24	Astrocyte	0.01	0.1
rs239	GENE24	Neuron	1e-12	0.6
rs239	GENE24	Astrocyte	0.01	0.1
rs240	GENE25	Neuron	1e-12	0.6
rs240	GENE25	Astrocyte	0.01	0.1
rs241	GENE25	Neuron	1e-12	0.6
rs241	GENE25	Astrocyte	0.01	0.1
rs242	GENE25	Neuron	1e-12	0.6
rs242	GENE25	Astrocyte	0.01	0.1
rs243	GENE25	Neuron	1e-12	0.6
rs243	GENE25	Astrocyte	0.01	0.1
rs244	GENE25	Neuron	1e-12	0.6
rs244	GENE25	Astrocyte	0.01	0.1
rs245	GENE25	Neuron	1e-12	0.6
rs245	GENE25	Astrocyte	0.01	0.1
rs246	GENE25	Neuron	1e-12	0.6
rs246	GENE25	Astrocyte	0.01	0.1
rs247	GENE25	Neuron	1e-12	0.6
rs247	GENE25	Astrocyte	0.01	0.1
rs248	GENE25	Neuron	1e-12	0.6
rs248	GENE25	Astrocyte	0.01	0.1
rs249	GENE25	Neuron	1e-12	0.6
rs249	GENE25	Astrocyte	0.01	0.1
rs250	GENE26	Neuron	1e-12	0.6
rs250	GENE26	Astrocyte	0.01	0.1
rs251	GENE26	Neuron	1e-12	0.6
rs251	GENE26	Astrocyte	0.01	0.1
rs252	GENE26	Neuron	1e-12	0.6
rs252	GENE26	Astrocyte	0.01	0.1
rs253	GENE26	Neuron	1e-12	0.6
rs253	GENE26	Astrocyte	0.01	0.1
rs254	GENE26	Neuron	1e-12	0.6
rs254	GENE26	Astrocyte	0.01	0.1
rs255	GENE26	Neuron	1e-12	0.6
rs255	GENE26	Astrocyte	0.01	0.1
rs256	GENE26	Neuron	1e-12	0.6
rs256	GENE26	Astrocyte	0.01	0.1
rs257	GENE26	Neuron	1e-12	0.6
rs257	GENE26	Astrocyte	0.01	0.1
rs258	GENE26	Neuron	1e-12	0.6
rs258	GENE26	Astrocyte	0.01	0.1
rs259	GENE26	Neuron	1e-12	0.6
rs259	GENE26	Astrocyte	0.01	0.1
rs260	GENE27	Neuron	1e-12	0.6
rs260	GENE27	Astrocyte	0.01	0.1
rs261	GENE27	Neuron	1e-12	0.6
rs261	GENE27	Astrocyte	0.01	0.1
rs262	GENE27	Neuron	1e-12	0.6
rs262	GENE27	Astrocyte	0.01	0.1
rs263	GENE27	Neuron	1e-12	0.6
rs263	GENE27	Astrocyte	0.01	0.1
rs264	GENE27	Neuron	1e-12	0.6
rs264	GENE27	Astrocyte	0.01	0.1
rs265	GENE27	Neuron	1e-12	0.6
rs265	GENE27	Astrocyte	0.01	0.1
rs266	GENE27	Neuron	1e-12	0.6
rs266	GENE27	Astrocyte	0.01	0.1
rs267	GENE27	Neuron	1e-12	0.6
rs267	GENE27	Astrocyte	0.01	0.1
rs268	GENE27	Neuron	1e-12	0.6
rs268	GENE27	Astrocyte	0.01	0.1
rs269	GENE27	Neuron	1e-12	0.6
rs269	GENE27	Astrocyte	0.01	0.1
rs270	GENE28	Neuron	1e-12	0.6
rs270	GENE28	Astrocyte	0.01	0.1
rs271	GENE28	Neuron	1e-12	0.6
rs271	GENE28	Astrocyte	0.01	0.1
rs272	GENE28	Neuron	1e-12	0.6
rs272	GENE28	Astrocyte	0.01	0.1
rs273	GENE28	Neuron	1e-12	0.6
rs273	GENE28	Astrocyte	0.01	0.1
rs274	GENE28	Neuron	1e-12	0.6
rs274	GENE28	Astrocyte	0.01	0.1
rs275	GENE28	Neuron	1e-12	0.6
rs275	GENE28	Astrocyte	0.01	0.1
rs276	GENE28	Neuron	1e-12	0.6
rs276	GENE28	Astrocyte	0.01	0.1
rs277	GENE28	Neuron	1e-12	0.6
rs277	GENE28	Astrocyte	0.01	0.1
rs278	GENE28	Neuron	1e-12	0.6
rs278	GENE28	Astrocyte	0.01	0.1
rs279	GENE28	Neuron	1e-12	0.6
rs279	GENE28	Astrocyte	0.01	0.1
rs280	GENE29	Neuron	1e-12	0.6
rs280	GENE29	Astrocyte	0.01	0.1
rs281	GENE29	Neuron	1e-12	0.6
rs281	GENE29	Astrocyte	0.01	0.1
rs282	GENE29	Neuron	1e-12	0.6
rs282	GENE29	Astrocyte	0.01	0.1
rs283	GENE29	Neuron	1e-12	0.6
rs283	GENE29	Astrocyte	0.01	0.1
rs284	GENE29	Neuron	1e-12	0.6
rs284	GENE29	Astrocyte	0.01	0.1
rs285	GENE29	Neuron	1e-12	0.6
rs285	GENE29	Astrocyte	0.01	0.1
rs286	GENE29	Neuron	1e-12	0.6
rs286	GENE29	Astrocyte	0.01	0.1
rs287	GENE29	Neuron	1e-12	0.6
rs287	GENE29	Astrocyte	0.01	0.1
rs288	GENE29	Neuron	1e-12	0.6
rs288	GENE29	Astrocyte	0.01	0.1
rs289	GENE29	Neuron	1e-12	0.6
rs289	GENE29	Astrocyte	0.01	0.1
rs290	GENE30	Neuron	1e-12	0.6
rs290	GENE30	Astrocyte	0.01	0.1
rs291	GENE30	Neuron	1e-12	0.6
rs291	GENE30	Astrocyte	0.01	0.1
rs292	GENE30	Neuron	1e-12	0.6
rs292	GENE30	Astrocyte	0.01	0.1
rs293	GENE30	Neuron	1e-12	0.6
rs293	GENE30	Astrocyte	0.01	0.1
rs294	GENE30	Neuron	1e-12	0.6
rs294	GENE30	Astrocyte	0.01	0.1
rs295	GENE30	Neuron	1e-12	0.6
rs295	GENE30	Astrocyte	0.01	0.1
rs296	GENE30	Neuron	1e-12	0.6
rs296	GENE30	Astrocyte	0.01	0.1
rs297	GENE30	Neuron	1e-12	0.6
rs297	GENE30	Astrocyte	0.01	0.1
rs298	GENE30	Neuron	1e-12	0.6
rs298	GENE30	Astrocyte	0.01	0.1
rs299	GENE30	Neuron	1e-12	0.6
rs299	GENE30	Astrocyte	0.01	0.1
rs300	GENE31	Neuron	1e-12	0.6
rs300	GENE31	Astrocyte	0.01	0.1
rs301	GENE31	Neuron	1e-12	0.6
rs301	GENE31	Astrocyte	0.01	0.1
rs302	GENE31	Neuron	1e-12	0.6
rs302	GENE31	Astrocyte	0.01	0.1
rs303	GENE31	Neuron	1e-12	0.6
rs303	GENE31	Astrocyte	0.01	0.1
rs304	GENE31	Neuron	1e-12	0.6
rs304	GENE31	Astrocyte	0.01	0.1
rs305	GENE31	Neuron	1e-12	0.6
rs305	GENE31	Astrocyte	0.01	0.1
rs306	GENE31	Neuron	1e-12	0.6
rs306	GENE31	Astrocyte	0.01	0.1
rs307	GENE31	Neuron	1e-12	0.6
rs307	GENE31	Astrocyte	0.01	0.1
rs308	GENE31	Neuron	1e-12	0.6
rs308	GENE31	Astrocyte	0.01	0.1
rs309	GENE31	Neuron	1e-12	0.6
rs309	GENE31	Astrocyte	0.01	0.1
rs310	GENE32	Neuron	1e-12	0.6
rs310	GENE32	Astrocyte	0.01	0.1
rs311	GENE32	Neuron	1e-12	0.6
rs311	GENE32	Astrocyte	0.01	0.1
rs312	GENE32	Neuron	1e-12	0.6
rs312	GENE32	Astrocyte	0.01	0.1
rs313	GENE32	Neuron	1e-12	0.6
rs313	GENE32	Astrocyte	0.01	0.1
rs314	GENE32	Neuron	1e-12	0.6
rs314	GENE32	Astrocyte	0.01	0.1
rs315	GENE32	Neuron	1e-12	0.6
rs315	GENE32	Astrocyte	0.01	0.1
rs316	GENE32	Neuron	1e-12	0.6
rs316	GENE32	Astrocyte	0.01	0.1
rs317	GENE32	Neuron	1e-12	0.6
rs317	GENE32	Astrocyte	0.01	0.1
rs318	GENE32	Neuron	1e-12	0.6
rs318	GENE32	Astrocyte	0.01	0.1
rs319	GENE32	Neuron	1e-12	0.6
rs319	GENE32	Astrocyte	0.01	0.1
rs320	GENE33	Neuron	1e-12	0.6
rs320	GENE33	Astrocyte	0.01	0.1
rs321	GENE33	Neuron	1e-12	0.6
rs321	GENE33	Astrocyte	0.01	0.1
rs322	GENE33	Neuron	1e-12	0.6
rs322	GENE33	Astrocyte	0.01	0.1
rs323	GENE33	Neuron	1e-12	0.6
rs323	GENE33	Astrocyte	0.01	0.1
rs324	GENE33	Neuron	1e-12	0.6
rs324	GENE33	Astrocyte	0.01	0.1
rs325	GENE33	Neuron	1e-12	0.6
rs325	GENE33	Astrocyte	0.01	0.1
rs326	GENE33	Neuron	1e-12	0.6
rs326	GENE33	Astrocyte	0.01	0.1
rs327	GENE33	Neuron	1e-12	0.6
rs327	GENE33	Astrocyte	0.01	0.1
rs328	GENE33	Neuron	1e-12	0.6
rs328	GENE33	Astrocyte	0.01	0.1
rs329	GENE33	Neuron	1e-12	0.6
rs329	GENE33	Astrocyte	0.01	0.1
rs330	GENE34	Neuron	1e-12	0.6
rs330	GENE34	Astrocyte	0.01	0.1
rs331	GENE34	Neuron	1e-12	0.6
rs331	GENE34	Astrocyte	0.01	0.1
rs332	GENE34	Neuron	1e-12	0.6
rs332	GENE34	Astrocyte	0.01	0.1
rs333	GENE34	Neuron	1e-12	0.6
rs333	GENE34	Astrocyte	0.01	0.1
rs334	GENE34	Neuron	1e-12	0.6
rs334	GENE34	Astrocyte	0.01	0.1
rs335	GENE34	Neuron	1e-12	0.6
rs335	GENE34	Astrocyte	0.01	0.1
rs336	GENE34	Neuron	1e-12	0.6
rs336	GENE34	Astrocyte	0.01	0.1
rs337	GENE34	Neuron	1e-12	0.6
rs337	GENE34	Astrocyte	0.01	0.1
rs338	GENE34	Neuron	1e-12	0.6
rs338	GENE34	Astrocyte	0.01	0.1
rs339	GENE34	Neuron	1e-12	0.6
rs339	GENE34	Astrocyte	0.01	0.1
rs340	GENE35	Neuron	1e-12	0.6
rs340	GENE35	Astrocyte	0.01	0.1
rs341	GENE35	Neuron	1e-12	0.6
rs341	GENE35	Astrocyte	0.01	0.1
rs342	GENE35	Neuron	1e-12	0.6
rs342	GENE35	Astrocyte	0.01	0.1
rs343	GENE35	Neuron	1e-12	0.6
rs343	GENE35	Astrocyte	0.01	0.1
rs344	GENE35	Neuron	1e-12	0.6
rs344	GENE35	Astrocyte	0.01	0.1
rs345	GENE35	Neuron	1e-12	0.6
rs345	GENE35	Astrocyte	0.01	0.1
rs346	GENE35	Neuron	1e-12	0.6
rs346	GENE35	Astrocyte	0.01	0.1
rs347	GENE35	Neuron	1e-12	0.6
rs347	GENE35	Astrocyte	0.01	0.1
rs348	GENE35	Neuron	1e-12	0.6
rs348	GENE35	Astrocyte	0.01	0.1
rs349	GENE35	Neuron	1e-12	0.6
rs349	GENE35	Astrocyte	0.01	0.1
rs350	GENE36	Neuron	1e-12	0.6
rs350	GENE36	Astrocyte	0.01	0.1
rs351	GENE36	Neuron	1e-12	0.6
rs351	GENE36	Astrocyte	0.01	0.1
rs352	GENE36	Neuron	1e-12	0.6
rs352	GENE36	Astrocyte	0.01	0.1
rs353	GENE36	Neuron	1e-12	0.6
rs353	GENE36	Astrocyte	0.01	0.1
rs354	GENE36	Neuron	1e-12	0.6
rs354	GENE36	Astrocyte	0.01	0.1
rs355	GENE36	Neuron	1e-12	0.6
rs355	GENE36	Astrocyte	0.01	0.1
rs356	GENE36	Neuron	1e-12	0.6
rs356	GENE36	Astrocyte	0.01	0.1
rs357	GENE36	Neuron	1e-12	0.6
rs357	GENE36	Astrocyte	0.01	0.1
rs358	GENE36	Neuron	1e-12	0.6
rs358	GENE36	Astrocyte	0.01	0.1
rs359	GENE36	Neuron	1e-12	0.6
rs359	GENE36	Astrocyte	0.01	0.1
rs360	GENE37	Neuron	1e-12	0.6
rs360	GENE37	Astrocyte	0.01	0.1
rs361	GENE37	Neuron	1e-12	0.6
rs361	GENE37	Astrocyte	0.01	0.1
rs362	GENE37	Neuron	1e-12	0.6
rs362	GENE37	Astrocyte	0.01	0.1
rs363	GENE37	Neuron	1e-12	0.6
rs363	GENE37	Astrocyte	0.01	0.1
rs364	GENE37	Neuron	1e-12	0.6
rs364	GENE37	Astrocyte	0.01	0.1
rs365	GENE37	Neuron	1e-12	0.6
rs365	GENE37	Astrocyte	0.01	0.1
rs366	GENE37	Neuron	1e-12	0.6
rs366	GENE37	Astrocyte	0.01	0.1
rs367	GENE37	Neuron	1e-12	0.6
rs367	GENE37	Astrocyte	0.01	0.1
rs368	GENE37	Neuron	1e-12	0.6
rs368	GENE37	Astrocyte	0.01	0.1
rs369	GENE37	Neuron	1e-12	0.6
rs369	GENE37	Astrocyte	0.01	0.1
rs370	GENE38	Neuron	1e-12	0.6
rs370	GENE38	Astrocyte	0.01	0.1
rs371	GENE38	Neuron	1e-12	0.6
rs371	GENE38	Astrocyte	0.01	0.1
rs372	GENE38	Neuron	1e-12	0.6
rs372	GENE38	Astrocyte	0.01	0.1
rs373	GENE38	Neuron	1e-12	0.6
rs373	GENE38	Astrocyte	0.01	0.1
rs374	GENE38	Neuron	1e-12	0.6
rs374	GENE38	Astrocyte	0.01	0.1
rs375	GENE38	Neuron	1e-12	0.6
rs375	GENE38	Astrocyte	0.01	0.1
rs376	GENE38	Neuron	1e-12	0.6
rs376	GENE38	Astrocyte	0.01	0.1
rs377	GENE38	Neuron	1e-12	0.6
rs377	GENE38	Astrocyte	0.01	0.1
rs378	GENE38	Neuron	1e-12	0.6
rs378	GENE38	Astrocyte	0.01	0.1
rs379	GENE38	Neuron	1e-12	0.6
rs379	GENE38	Astrocyte	0.01	0.1
rs380	GENE39	Neuron	1e-12	0.6
rs380	GENE39	Astrocyte	0.01	0.1
rs381	GENE39	Neuron	1e-12	0.6
rs381	GENE39	Astrocyte	0.01	0.1
rs382	GENE39	Neuron	1e-12	0.6
rs382	GENE39	Astrocyte	0.01	0.1
rs383	GENE39	Neuron	1e-12	0.6
rs383	GENE39	Astrocyte	0.01	0.1
rs384	GENE39	Neuron	1e-12	0.6
rs384	GENE39	Astrocyte	0.01	0.1
rs385	GENE39	Neuron	1e-12	0.6
rs385	GENE39	Astrocyte	0.01	0.1
rs386	GENE39	Neuron	1e-12	0.6
rs386	GENE39	Astrocyte	0.01	0.1
rs387	GENE39	Neuron	1e-12	0.6
rs387	GENE39	Astrocyte	0.01	0.1
rs388	GENE39	Neuron	1e-12	0.6
rs388	GENE39	Astrocyte	0.01	0.1
rs389	GENE39	Neuron	1e-12	0.6
rs389	GENE39	Astrocyte	0.01	0.1
rs390	GENE40	Neuron	1e-12	0.6
rs390	GENE40	Astrocyte	0.01	0.1
rs391	GENE40	Neuron	1e-12	0.6
rs391	GENE40	Astrocyte	0.01	0.1
rs392	GENE40	Neuron	1e-12	0.6
rs392	GENE40	Astrocyte	0.01	0.1
rs393	GENE40	Neuron	1e-12	0.6
rs393	GENE40	Astrocyte	0.01	0.1
rs394	GENE40	Neuron	1e-12	0.6
rs394	GENE40	Astrocyte	0.01	0.1
rs395	GENE40	Neuron	1e-12	0.6
rs395	GENE40	Astrocyte	0.01	0.1
rs396	GENE40	Neuron	1e-12	0.6
rs396	GENE40	Astrocyte	0.01	0.1
rs397	GENE40	Neuron	1e-12	0.6
rs397	GENE40	Astrocyte	0.01	0.1
rs398	GENE40	Neuron	1e-12	0.6
rs398	GENE40	Astrocyte	0.01	0.1
rs399	GENE40	Neuron	1e-12	0.6
rs399	GENE40	Astrocyte	0.01	0.1
rs400	GENE41	Neuron	1e-12	0.6
rs400	GENE41	Astrocyte	0.01	0.1
rs401	GENE41	Neuron	1e-12	0.6
rs401	GENE41	Astrocyte	0.01	0.1
rs402	GENE41	Neuron	1e-12	0.6
rs402	GENE41	Astrocyte	0.01	0.1
rs403	GENE41	Neuron	1e-12	0.6
rs403	GENE41	Astrocyte	0.01	0.1
rs404	GENE41	Neuron	1e-12	0.6
rs404	GENE41	Astrocyte	0.01	0.1
rs405	GENE41	Neuron	1e-12	0.6
rs405	GENE41	Astrocyte	0.01	0.1
rs406	GENE41	Neuron	1e-12	0.6
rs406	GENE41	Astrocyte	0.01	0.1
rs407	GENE41	Neuron	1e-12	0.6
rs407	GENE41	Astrocyte	0.01	0.1
rs408	GENE41	Neuron	1e-12	0.6
rs408	GENE41	Astrocyte	0.01	0.1
rs409	GENE41	Neuron	1e-12	0.6
rs409	GENE41	Astrocyte	0.01	0.1
rs410	GENE42	Neuron	1e-12	0.6
rs410	GENE42	Astrocyte	0.01	0.1
rs411	GENE42	Neuron	1e-12	0.6
rs411	GENE42	Astrocyte	0.01	0.1
rs412	GENE42	Neuron	1e-12	0.6
rs412	GENE42	Astrocyte	0.01	0.1
rs413	GENE42	Neuron	1e-12	0.6
rs413	GENE42	Astrocyte	0.01	0.1
rs414	GENE42	Neuron	1e-12	0.6
rs414	GENE42	Astrocyte	0.01	0.1
rs415	GENE42	Neuron	1e-12	0.6
rs415	GENE42	Astrocyte	0.01	0.1
rs416	GENE42	Neuron	1e-12	0.6
rs416	GENE42	Astrocyte	0.01	0.1
rs417	GENE42	Neuron	1e-12	0.6
rs417	GENE42	Astrocyte	0.01	0.1
rs418	GENE42	Neuron	1e-12	0.6
rs418	GENE42	Astrocyte	0.01	0.1
rs419	GENE42	Neuron	1e-12	0.6
rs419	GENE42	Astrocyte	0.01	0.1
rs420	GENE43	Neuron	1e-12	0.6
rs420	GENE43	Astrocyte	0.01	0.1
rs421	GENE43	Neuron	1e-12	0.6
rs421	GENE43	Astrocyte	0.01	0.1
rs422	GENE43	Neuron	1e-12	0.6
rs422	GENE43	Astrocyte	0.01	0.1
rs423	GENE43	Neuron	1e-12	0.6
rs423	GENE43	Astrocyte	0.01	0.1
rs424	GENE43	Neuron	1e-12	0.6
rs424	GENE43	Astrocyte	0.01	0.1
rs425	GENE43	Neuron	1e-12	0.6
rs425	GENE43	Astrocyte	0.01	0.1
rs426	GENE43	Neuron	1e-12	0.6
rs426	GENE43	Astrocyte	0.01	0.1
rs427	GENE43	Neuron	1e-12	0.6
rs427	GENE43	Astrocyte	0.01	0.1
rs428	GENE43	Neuron	1e-12	0.6
rs428	GENE43	Astrocyte	0.01	0.1
rs429	GENE43	Neuron	1e-12	0.6
rs429	GENE43	Astrocyte	0.01	0.1
rs430	GENE44	Neuron	1e-12	0.6
rs430	GENE44	Astrocyte	0.01	0.1
rs431	GENE44	Neuron	1e-12	0.6
rs431	GENE44	Astrocyte	0.01	0.1
rs432	GENE44	Neuron	1e-12	0.6
rs432	GENE44	Astrocyte	0.01	0.1
rs433	GENE44	Neuron	1e-12	0.6
rs433	GENE44	Astrocyte	0.01	0.1
rs434	GENE44	Neuron	1e-12	0.6
rs434	GENE44	Astrocyte	0.01	0.1
rs435	GENE44	Neuron	1e-12	0.6
rs435	GENE44	Astrocyte	0.01	0.1
rs436	GENE44	Neuron	1e-12	0.6
rs436	GENE44	Astrocyte	0.01	0.1
rs437	GENE44	Neuron	1e-12	0.6
rs437	GENE44	Astrocyte	0.01	0.1
rs438	GENE44	Neuron	1e-12	0.6
rs438	GENE44	Astrocyte	0.01	0.1
rs439	GENE44	Neuron	1e-12	0.6
rs439	GENE44	Astrocyte	0.01	0.1
rs440	GENE45	Neuron	1e-12	0.6
rs440	GENE45	Astrocyte	0.01	0.1
rs441	GENE45	Neuron	1e-12	0.6
rs441	GENE45	Astrocyte	0.01	0.1
rs442	GENE45	Neuron	1e-12	0.6
rs442	GENE45	Astrocyte	0.01	0.1
rs443	GENE45	Neuron	1e-12	0.6
rs443	GENE45	Astrocyte	0.01	0.1
rs444	GENE45	Neuron	1e-12	0.6
rs444	GENE45	Astrocyte	0.01	0.1
rs445	GENE45	Neuron	1e-12	0.6
rs445	GENE45	Astrocyte	0.01	0.1
rs446	GENE45	Neuron	1e-12	0.6
rs446	GENE45	Astrocyte	0.01	0.1
rs447	GENE45	Neuron	1e-12	0.6
rs447	GENE45	Astrocyte	0.01	0.1
rs448	GENE45	Neuron	1e-12	0.6
rs448	GENE45	Astrocyte	0.01	0.1
rs449	GENE45	Neuron	1e-12	0.6
rs449	GENE45	Astrocyte	0.01	0.1
rs450	GENE46	Neuron	1e-12	0.6
rs450	GENE46	Astrocyte	0.01	0.1
rs451	GENE46	Neuron	1e-12	0.6
rs451	GENE46	Astrocyte	0.01	0.1
rs452	GENE46	Neuron	1e-12	0.6
rs452	GENE46	Astrocyte	0.01	0.1
rs453	GENE46	Neuron	1e-12	0.6
rs453	GENE46	Astrocyte	0.01	0.1
rs454	GENE46	Neuron	1e-12	0.6
rs454	GENE46	Astrocyte	0.01	0.1
rs455	GENE46	Neuron	1e-12	0.6
rs455	GENE46	Astrocyte	0.01	0.1
rs456	GENE46	Neuron	1e-12	0.6
rs456	GENE46	Astrocyte	0.01	0.1
rs457	GENE46	Neuron	1e-12	0.6
rs457	GENE46	Astrocyte	0.01	0.1
rs458	GENE46	Neuron	1e-12	0.6
rs458	GENE46	Astrocyte	0.01	0.1
rs459	GENE46	Neuron	1e-12	0.6
rs459	GENE46	Astrocyte	0.01	0.1
rs460	GENE47	Neuron	1e-12	0.6
rs460	GENE47	Astrocyte	0.01	0.1
rs461	GENE47	Neuron	1e-12	0.6
rs461	GENE47	Astrocyte	0.01	0.1
rs462	GENE47	Neuron	1e-12	0.6
rs462	GENE47	Astrocyte	0.01	0.1
rs463	GENE47	Neuron	1e-12	0.6
rs463	GENE47	Astrocyte	0.01	0.1
rs464	GENE47	Neuron	1e-12	0.6
rs464	GENE47	Astrocyte	0.01	0.1
rs465	GENE47	Neuron	1e-12	0.6
rs465	GENE47	Astrocyte	0.01	0.1
rs466	GENE47	Neuron	1e-12	0.6
rs466	GENE47	Astrocyte	0.01	0.1
rs467	GENE47	Neuron	1e-12	0.6
rs467	GENE47	Astrocyte	0.01	0.1
rs468	GENE47	Neuron	1e-12	0.6
rs468	GENE47	Astrocyte	0.01	0.1
rs469	GENE47	Neuron	1e-12	0.6
rs469	GENE47	Astrocyte	0.01	0.1
rs470	GENE48	Neuron	1e-12	0.6
rs470	GENE48	Astrocyte	0.01	0.1
rs471	GENE48	Neuron	1e-12	0.6
rs471	GENE48	Astrocyte	0.01	0.1
rs472	GENE48	Neuron	1e-12	0.6
rs472	GENE48	Astrocyte	0.01	0.1
rs473	GENE48	Neuron	1e-12	0.6
rs473	GENE48	Astrocyte	0.01	0.1
rs474	GENE48	Neuron	1e-12	0.6
rs474	GENE48	Astrocyte	0.01	0.1
rs475	GENE48	Neuron	1e-12	0.6
rs475	GENE48	Astrocyte	0.01	0.1
rs476	GENE48	Neuron	1e-12	0.6
rs476	GENE48	Astrocyte	0.01	0.1
rs477	GENE48	Neuron	1e-12	0.6
rs477	GENE48	Astrocyte	0.01	0.1
rs478	GENE48	Neuron	1e-12	0.6
rs478	GENE48	Astrocyte	0.01	0.1
rs479	GENE48	Neuron	1e-12	0.6
rs479	GENE48	Astrocyte	0.01	0.1
rs480	GENE49	Neuron	1e-12	0.6
rs480	GENE49	Astrocyte	0.01	0.1
rs481	GENE49	Neuron	1e-12	0.6
rs481	GENE49	Astrocyte	0.01	0.1
rs482	GENE49	Neuron	1e-12	0.6
rs482	GENE49	Astrocyte	0.01	0.1
rs483	GENE49	Neuron	1e-12	0.6
rs483	GENE49	Astrocyte	0.01	0.1
rs484	GENE49	Neuron	1e-12	0.6
rs484	GENE49	Astrocyte	0.01	0.1
rs485	GENE49	Neuron	1e-12	0.6
rs485	GENE49	Astrocyte	0.01	0.1
rs486	GENE49	Neuron	1e-12	0.6
rs486	GENE49	Astrocyte	0.01	0.1
rs487	GENE49	Neuron	1e-12	0.6
rs487	GENE49	Astrocyte	0.01	0.1
rs488	GENE49	Neuron	1e-12	0.6
rs488	GENE49	Astrocyte	0.01	0.1
rs489	GENE49	Neuron	1e-12	0.6
rs489	GENE49	Astrocyte	0.01	0.1
rs490	GENE50	Neuron	1e-12	0.6
rs490	GENE50	Astrocyte	0.01	0.1
rs491	GENE50	Neuron	1e-12	0.6
rs491	GENE50	Astrocyte	0.01	0.1
rs492	GENE50	Neuron	1e-12	0.6
rs492	GENE50	Astrocyte	0.01	0.1
rs493	GENE50	Neuron	1e-12	0.6
rs493	GENE50	Astrocyte	0.01	0.1
rs494	GENE50	Neuron	1e-12	0.6
rs494	GENE50	Astrocyte	0.01	0.1
rs495	GENE50	Neuron	1e-12	0.6
rs495	GENE50	Astrocyte	0.01	0.1
rs496	GENE50	Neuron	1e-12	0.6
rs496	GENE50	Astrocyte	0.01	0.1
rs497	GENE50	Neuron	1e-12	0.6
rs497	GENE50	Astrocyte	0.01	0.1
rs498	GENE50	Neuron	1e-12	0.6
rs498	GENE50	Astrocyte	0.01	0.1
rs499	GENE50	Neuron	1e-12	0.6
rs499	GENE50	Astrocyte	0.01	0.1
rs500	GENE51	Neuron	1e-12	0.6
rs500	GENE51	Astrocyte	0.01	0.1
rs501	GENE51	Neuron	1e-12	0.6
rs501	GENE51	Astrocyte	0.01	0.1
rs502	GENE51	Neuron	1e-12	0.6
rs502	GENE51	Astrocyte	0.01	0.1
rs503	GENE51	Neuron	1e-12	0.6
rs503	GENE51	Astrocyte	0.01	0.1
rs504	GENE51	Neuron	1e-12	0.6
rs504	GENE51	Astrocyte	0.01	0.1
rs505	GENE51	Neuron	1e-12	0.6
rs505	GENE51	Astrocyte	0.01	0.1
rs506	GENE51	Neuron	1e-12	0.6
rs506	GENE51	Astrocyte	0.01	0.1
rs507	GENE51	Neuron	1e-12	0.6
rs507	GENE51	Astrocyte	0.01	0.1
rs508	GENE51	Neuron	1e-12	0.6
rs508	GENE51	Astrocyte	0.01	0.1
rs509	GENE51	Neuron	1e-12	0.6
rs509	GENE51	Astrocyte	0.01	0.1
rs510	GENE52	Neuron	1e-12	0.6
rs510	GENE52	Astrocyte	0.01	0.1
rs511	GENE52	Neuron	1e-12	0.6
rs511	GENE52	Astrocyte	0.01	0.1
rs512	GENE52	Neuron	1e-12	0.6
rs512	GENE52	Astrocyte	0.01	0.1
rs513	GENE52	Neuron	1e-12	0.6
rs513	GENE52	Astrocyte	0.01	0.1
rs514	GENE52	Neuron	1e-12	0.6
rs514	GENE52	Astrocyte	0.01	0.1
rs515	GENE52	Neuron	1e-12	0.6
rs515	GENE52	Astrocyte	0.01	0.1
rs516	GENE52	Neuron	1e-12	0.6
rs516	GENE52	Astrocyte	0.01	0.1
rs517	GENE52	Neuron	1e-12	0.6
rs517	GENE52	Astrocyte	0.01	0.1
rs518	GENE52	Neuron	1e-12	0.6
rs518	GENE52	Astrocyte	0.01	0.1
rs519	GENE52	Neuron	1e-12	0.6
rs519	GENE52	Astrocyte	0.01	0.1
rs520	GENE53	Neuron	1e-12	0.6
rs520	GENE53	Astrocyte	0.01	0.1
rs521	GENE53	Neuron	1e-12	0.6
rs521	GENE53	Astrocyte	0.01	0.1
rs522	GENE53	Neuron	1e-12	0.6
rs522	GENE53	Astrocyte	0.01	0.1
rs523	GENE53	Neuron	1e-12	0.6
rs523	GENE53	Astrocyte	0.01	0.1
rs524	GENE53	Neuron	1e-12	0.6
rs524	GENE53	Astrocyte	0.01	0.1
rs525	GENE53	Neuron	1e-12	0.6
rs525	GENE53	Astrocyte	0.01	0.1
rs526	GENE53	Neuron	1e-12	0.6
rs526	GENE53	Astrocyte	0.01	0.1
rs527	GENE53	Neuron	1e-12	0.6
rs527	GENE53	Astrocyte	0.01	0.1
rs528	GENE53	Neuron	1e-12	0.6
rs528	GENE53	Astrocyte	0.01	0.1
rs529	GENE53	Neuron	1e-12	0.6
rs529	GENE53	Astrocyte	0.01	0.1
rs530	GENE54	Neuron	1e-12	0.6
rs530	GENE54	Astrocyte	0.01	0.1
rs531	GENE54	Neuron	1e-12	0.6
rs531	GENE54	Astrocyte	0.01	0.1
rs532	GENE54	Neuron	1e-12	0.6
rs532	GENE54	Astrocyte	0.01	0.1
rs533	GENE54	Neuron	1e-12	0.6
rs533	GENE54	Astrocyte	0.01	0.1
rs534	GENE54	Neuron	1e-12	0.6
rs534	GENE54	Astrocyte	0.01	0.1
rs535	GENE54	Neuron	1e-12	0.6
rs535	GENE54	Astrocyte	0.01	0.1
rs536	GENE54	Neuron	1e-12	0.6
rs536	GENE54	Astrocyte	0.01	0.1
rs537	GENE54	Neuron	1e-12	0.6
rs537	GENE54	Astrocyte	0.01	0.1
rs538	GENE54	Neuron	1e-12	0.6
rs538	GENE54	Astrocyte	0.01	0.1
rs539	GENE54	Neuron	1e-12	0.6
rs539	GENE54	Astrocyte	0.01	0.1
rs540	GENE55	Neuron	1e-12	0.6
rs540	GENE55	Astrocyte	0.01	0.1
rs541	GENE55	Neuron	1e-12	0.6
rs541	GENE55	Astrocyte	0.01	0.1
rs542	GENE55	Neuron	1e-12	0.6
rs542	GENE55	Astrocyte	0.01	0.1
rs543	GENE55	Neuron	1e-12	0.6
rs543	GENE55	Astrocyte	0.01	0.1
rs544	GENE55	Neuron	1e-12	0.6
rs544	GENE55	Astrocyte	0.01	0.1
rs545	GENE55	Neuron	1e-12	0.6
rs545	GENE55	Astrocyte	0.01	0.1
rs546	GENE55	Neuron	1e-12	0.6
rs546	GENE55	Astrocyte	0.01	0.1
rs547	GENE55	Neuron	1e-12	0.6
rs547	GENE55	Astrocyte	0.01	0.1
rs548	GENE55	Neuron	1e-12	0.6
rs548	GENE55	Astrocyte	0.01	0.1
rs549	GENE55	Neuron	1e-12	0.6
rs549	GENE55	Astrocyte	0.01	0.1
rs550	GENE56	Neuron	1e-12	0.6
rs550	GENE56	Astrocyte	0.01	0.1
rs551	GENE56	Neuron	1e-12	0.6
rs551	GENE56	Astrocyte	0.01	0.1
rs552	GENE56	Neuron	1e-12	0.6
rs552	GENE56	Astrocyte	0.01	0.1
rs553	GENE56	Neuron	1e-12	0.6
rs553	GENE56	Astrocyte	0.01	0.1
rs554	GENE56	Neuron	1e-12	0.6
rs554	GENE56	Astrocyte	0.01	0.1
rs555	GENE56	Neuron	1e-12	0.6
rs555	GENE56	Astrocyte	0.01	0.1
rs556	GENE56	Neuron	1e-12	0.6
rs556	GENE56	Astrocyte	0.01	0.1
rs557	GENE56	Neuron	1e-12	0.6
rs557	GENE56	Astrocyte	0.01	0.1
rs558	GENE56	Neuron	1e-12	0.6
rs558	GENE56	Astrocyte	0.01	0.1
rs559	GENE56	Neuron	1e-12	0.6
rs559	GENE56	Astrocyte	0.01	0.1
rs560	GENE57	Neuron	1e-12	0.6
rs560	GENE57	Astrocyte	0.01	0.1
rs561	GENE57	Neuron	1e-12	0.6
rs561	GENE57	Astrocyte	0.01	0.1
rs562	GENE57	Neuron	1e-12	0.6
rs562	GENE57	Astrocyte	0.01	0.1
rs563	GENE57	Neuron	1e-12	0.6
rs563	GENE57	Astrocyte	0.01	0.1
rs564	GENE57	Neuron	1e-12	0.6
rs564	GENE57	Astrocyte	0.01	0.1
rs565	GENE57	Neuron	1e-12	0.6
rs565	GENE57	Astrocyte	0.01	0.1
rs566	GENE57	Neuron	1e-12	0.6
rs566	GENE57	Astrocyte	0.01	0.1
rs567	GENE57	Neuron	1e-12	0.6
rs567	GENE57	Astrocyte	0.01	0.1
rs568	GENE57	Neuron	1e-12	0.6
rs568	GENE57	Astrocyte	0.01	0.1
rs569	GENE57	Neuron	1e-12	0.6
rs569	GENE57	Astrocyte	0.01	0.1
rs570	GENE58	Neuron	1e-12	0.6
rs570	GENE58	Astrocyte	0.01	0.1
rs571	GENE58	Neuron	1e-12	0.6
rs571	GENE58	Astrocyte	0.01	0.1
rs572	GENE58	Neuron	1e-12	0.6
rs572	GENE58	Astrocyte	0.01	0.1
rs573	GENE58	Neuron	1e-12	0.6
rs573	GENE58	Astrocyte	0.01	0.1
rs574	GENE58	Neuron	1e-12	0.6
rs574	GENE58	Astrocyte	0.01	0.1
rs575	GENE58	Neuron	1e-12	0.6
rs575	GENE58	Astrocyte	0.01	0.1
rs576	GENE58	Neuron	1e-12	0.6
rs576	GENE58	Astrocyte	0.01	0.1
rs577	GENE58	Neuron	1e-12	0.6
rs577	GENE58	Astrocyte	0.01	0.1
rs578	GENE58	Neuron	1e-12	0.6
rs578	GENE58	Astrocyte	0.01	0.1
rs579	GENE58	Neuron	1e-12	0.6
rs579	GENE58	Astrocyte	0.01	0.1
rs580	GENE59	Neuron	1e-12	0.6
rs580	GENE59	Astrocyte	0.01	0.1
rs581	GENE59	Neuron	1e-12	0.6
rs581	GENE59	Astrocyte	0.01	0.1
rs582	GENE59	Neuron	1e-12	0.6
rs582	GENE59	Astrocyte	0.01	0.1
rs583	GENE59	Neuron	1e-12	0.6
rs583	GENE59	Astrocyte	0.01	0.1
rs584	GENE59	Neuron	1e-12	0.6
rs584	GENE59	Astrocyte	0.01	0.1
rs585	GENE59	Neuron	1e-12	0.6
rs585	GENE59	Astrocyte	0.01	0.1
rs586	GENE59	Neuron	1e-12	0.6
rs586	GENE59	Astrocyte	0.01	0.1
rs587	GENE59	Neuron	1e-12	0.6
rs587	GENE59	Astrocyte	0.01	0.1
rs588	GENE59	Neuron	1e-12	0.6
rs588	GENE59	Astrocyte	0.01	0.1
rs589	GENE59	Neuron	1e-12	0.6
rs589	GENE59	Astrocyte	0.01	0.1
rs590	GENE60	Neuron	1e-12	0.6
rs590	GENE60	Astrocyte	0.01	0.1
rs591	GENE60	Neuron	1e-12	0.6
rs591	GENE60	Astrocyte	0.01	0.1
rs592	GENE60	Neuron	1e-12	0.6
rs592	GENE60	Astrocyte	0.01	0.1
rs593	GENE60	Neuron	1e-12	0.6
rs593	GENE60	Astrocyte	0.01	0.1
rs594	GENE60	Neuron	1e-12	0.6
rs594	GENE60	Astrocyte	0.01	0.1
rs595	GENE60	Neuron	1e-12	0.6
rs595	GENE60	Astrocyte	0.01	0.1
rs596	GENE60	Neuron	1e-12	0.6
rs596	GENE60	Astrocyte	0.01	0.1
rs597	GENE60	Neuron	1e-12	0.6
rs597	GENE60	Astrocyte	0.01	0.1
rs598	GENE60	Neuron	1e-12	0.6
rs598	GENE60	Astrocyte	0.01	0.1
rs599	GENE60	Neuron	1e-12	0.6
rs599	GENE60	Astrocyte	0.01	0.1
rs600	GENE61	Neuron	1e-12	0.6
rs600	GENE61	Astrocyte	0.01	0.1
rs601	GENE61	Neuron	1e-12	0.6
rs601	GENE61	Astrocyte	0.01	0.1
rs602	GENE61	Neuron	1e-12	0.6
rs602	GENE61	Astrocyte	0.01	0.1
rs603	GENE61	Neuron	1e-12	0.6
rs603	GENE61	Astrocyte	0.01	0.1
rs604	GENE61	Neuron	1e-12	0.6
rs604	GENE61	Astrocyte	0.01	0.1
rs605	GENE61	Neuron	1e-12	0.6
rs605	GENE61	Astrocyte	0.01	0.1
rs606	GENE61	Neuron	1e-12	0.6
rs606	GENE61	Astrocyte	0.01	0.1
rs607	GENE61	Neuron	1e-12	0.6
rs607	GENE61	Astrocyte	0.01	0.1
rs608	GENE61	Neuron	1e-12	0.6
rs608	GENE61	Astrocyte	0.01	0.1
rs609	GENE61	Neuron	1e-12	0.6
rs609	GENE61	Astrocyte	0.01	0.1
rs610	GENE62	Neuron	1e-12	0.6
rs610	GENE62	Astrocyte	0.01	0.1
rs611	GENE62	Neuron	1e-12	0.6
rs611	GENE62	Astrocyte	0.01	0.1
rs612	GENE62	Neuron	1e-12	0.6
rs612	GENE62	Astrocyte	0.01	0.1
rs613	GENE62	Neuron	1e-12	0.6
rs613	GENE62	Astrocyte	0.01	0.1
rs614	GENE62	Neuron	1e-12	0.6
rs614	GENE62	Astrocyte	0.01	0.1
rs615	GENE62	Neuron	1e-12	0.6
rs615	GENE62	Astrocyte	0.01	0.1
rs616	GENE62	Neuron	1e-12	0.6
rs616	GENE62	Astrocyte	0.01	0.1
rs617	GENE62	Neuron	1e-12	0.6
rs617	GENE62	Astrocyte	0.01	0.1
rs618	GENE62	Neuron	1e-12	0.6
rs618	GENE62	Astrocyte	0.01	0.1
rs619	GENE62	Neuron	1e-12	0.6
rs619	GENE62	Astrocyte	0.01	0.1
rs620	GENE63	Neuron	1e-12	0.6
rs620	GENE63	Astrocyte	0.01	0.1
rs621	GENE63	Neuron	1e-12	0.6
rs621	GENE63	Astrocyte	0.01	0.1
rs622	GENE63	Neuron	1e-12	0.6
rs622	GENE63	Astrocyte	0.01	0.1
rs623	GENE63	Neuron	1e-12	0.6
rs623	GENE63	Astrocyte	0.01	0.1
rs624	GENE63	Neuron	1e-12	0.6
rs624	GENE63	Astrocyte	0.01	0.1
rs625	GENE63	Neuron	1e-12	0.6
rs625	GENE63	Astrocyte	0.01	0.1
rs626	GENE63	Neuron	1e-12	0.6
rs626	GENE63	Astrocyte	0.01	0.1
rs627	GENE63	Neuron	1e-12	0.6
rs627	GENE63	Astrocyte	0.01	0.1
rs628	GENE63	Neuron	1e-12	0.6
rs628	GENE63	Astrocyte	0.01	0.1
rs629	GENE63	Neuron	1e-12	0.6
rs629	GENE63	Astrocyte	0.01	0.1
rs630	GENE64	Neuron	1e-12	0.6
rs630	GENE64	Astrocyte	0.01	0.1
rs631	GENE64	Neuron	1e-12	0.6
rs631	GENE64	Astrocyte	0.01	0.1
rs632	GENE64	Neuron	1e-12	0.6
rs632	GENE64	Astrocyte	0.01	0.1
rs633	GENE64	Neuron	1e-12	0.6
rs633	GENE64	Astrocyte	0.01	0.1
rs634	GENE64	Neuron	1e-12	0.6
rs634	GENE64	Astrocyte	0.01	0.1
rs635	GENE64	Neuron	1e-12	0.6
rs635	GENE64	Astrocyte	0.01	0.1
rs636	GENE64	Neuron	1e-12	0.6
rs636	GENE64	Astrocyte	0.01	0.1
rs637	GENE64	Neuron	1e-12	0.6
rs637	GENE64	Astrocyte	0.01	0.1
rs638	GENE64	Neuron	1e-12	0.6
rs638	GENE64	Astrocyte	0.01	0.1
rs639	GENE64	Neuron	1e-12	0.6
rs639	GENE64	Astrocyte	0.01	0.1
rs640	GENE65	Neuron	1e-12	0.6
rs640	GENE65	Astrocyte	0.01	0.1
rs641	GENE65	Neuron	1e-12	0.6
rs641	GENE65	Astrocyte	0.01	0.1
rs642	GENE65	Neuron	1e-12	0.6
rs642	GENE65	Astrocyte	0.01	0.1
rs643	GENE65	Neuron	1e-12	0.6
rs643	GENE65	Astrocyte	0.01	0.1
rs644	GENE65	Neuron	1e-12	0.6
rs644	GENE65	Astrocyte	0.01	0.1
rs645	GENE65	Neuron	1e-12	0.6
rs645	GENE65	Astrocyte	0.01	0.1
rs646	GENE65	Neuron	1e-12	0.6
rs646	GENE65	Astrocyte	0.01	0.1
rs647	GENE65	Neuron	1e-12	0.6
rs647	GENE65	Astrocyte	0.01	0.1
rs648	GENE65	Neuron	1e-12	0.6
rs648	GENE65	Astrocyte	0.01	0.1
rs649	GENE65	Neuron	1e-12	0.6
rs649	GENE65	Astrocyte	0.01	0.1
rs650	GENE66	Neuron	1e-12	0.6
rs650	GENE66	Astrocyte	0.01	0.1
rs651	GENE66	Neuron	1e-12	0.6
rs651	GENE66	Astrocyte	0.01	0.1
rs652	GENE66	Neuron	1e-12	0.6
rs652	GENE66	Astrocyte	0.01	0.1
rs653	GENE66	Neuron	1e-12	0.6
rs653	GENE66	Astrocyte	0.01	0.1
rs654	GENE66	Neuron	1e-12	0.6
rs654	GENE66	Astrocyte	0.01	0.1
rs655	GENE66	Neuron	1e-12	0.6
rs655	GENE66	Astrocyte	0.01	0.1
rs656	GENE66	Neuron	1e-12	0.6
rs656	GENE66	Astrocyte	0.01	0.1
rs657	GENE66	Neuron	1e-12	0.6
rs657	GENE66	Astrocyte	0.01	0.1
rs658	GENE66	Neuron	1e-12	0.6
rs658	GENE66	Astrocyte	0.01	0.1
rs659	GENE66	Neuron	1e-12	0.6
rs659	GENE66	Astrocyte	0.01	0.1
rs660	GENE67	Neuron	1e-12	0.6
rs660	GENE67	Astrocyte	0.01	0.1
rs661	GENE67	Neuron	1e-12	0.6
rs661	GENE67	Astrocyte	0.01	0.1
rs662	GENE67	Neuron	1e-12	0.6
rs662	GENE67	Astrocyte	0.01	0.1
rs663	GENE67	Neuron	1e-12	0.6
rs663	GENE67	Astrocyte	0.01	0.1
rs664	GENE67	Neuron	1e-12	0.6
rs664	GENE67	Astrocyte	0.01	0.1
rs665	GENE67	Neuron	1e-12	0.6
rs665	GENE67	Astrocyte	0.01	0.1
rs666	GENE67	Neuron	1e-12	0.6
rs666	GENE67	Astrocyte	0.01	0.1
rs667	GENE67	Neuron	1e-12	0.6
rs667	GENE67	Astrocyte	0.01	0.1
rs668	GENE67	Neuron	1e-12	0.6
rs668	GENE67	Astrocyte	0.01	0.1
rs669	GENE67	Neuron	1e-12	0.6
rs669	GENE67	Astrocyte	0.01	0.1
rs670	GENE68	Neuron	1e-12	0.6
rs670	GENE68	Astrocyte	0.01	0.1
rs671	GENE68	Neuron	1e-12	0.6
rs671	GENE68	Astrocyte	0.01	0.1
rs672	GENE68	Neuron	1e-12	0.6
rs672	GENE68	Astrocyte	0.01	0.1
rs673	GENE68	Neuron	1e-12	0.6
rs673	GENE68	Astrocyte	0.01	0.1
rs674	GENE68	Neuron	1e-12	0.6
rs674	GENE68	Astrocyte	0.01	0.1
rs675	GENE68	Neuron	1e-12	0.6
rs675	GENE68	Astrocyte	0.01	0.1
rs676	GENE68	Neuron	1e-12	0.6
rs676	GENE68	Astrocyte	0.01	0.1
rs677	GENE68	Neuron	1e-12	0.6
rs677	GENE68	Astrocyte	0.01	0.1
rs678	GENE68	Neuron	1e-12	0.6
rs678	GENE68	Astrocyte	0.01	0.1
rs679	GENE68	Neuron	1e-12	0.6
rs679	GENE68	Astrocyte	0.01	0.1
rs680	GENE69	Neuron	1e-12	0.6
rs680	GENE69	Astrocyte	0.01	0.1
rs681	GENE69	Neuron	1e-12	0.6
rs681	GENE69	Astrocyte	0.01	0.1
rs682	GENE69	Neuron	1e-12	0.6
rs682	GENE69	Astrocyte	0.01	0.1
rs683	GENE69	Neuron	1e-12	0.6
rs683	GENE69	Astrocyte	0.01	0.1
rs684	GENE69	Neuron	1e-12	0.6
rs684	GENE69	Astrocyte	0.01	0.1
rs685	GENE69	Neuron	1e-12	0.6
rs685	GENE69	Astrocyte	0.01	0.1
rs686	GENE69	Neuron	1e-12	0.6
rs686	GENE69	Astrocyte	0.01	0.1
rs687	GENE69	Neuron	1e-12	0.6
rs687	GENE69	Astrocyte	0.01	0.1
rs688	GENE69	Neuron	1e-12	0.6
rs688	GENE69	Astrocyte	0.01	0.1
rs689	GENE69	Neuron	1e-12	0.6
rs689	GENE69	Astrocyte	0.01	0.1
rs690	GENE70	Neuron	1e-12	0.6
rs690	GENE70	Astrocyte	0.01	0.1
rs691	GENE70	Neuron	1e-12	0.6
rs691	GENE70	Astrocyte	0.01	0.1
rs692	GENE70	Neuron	1e-12	0.6
rs692	GENE70	Astrocyte	0.01	0.1
rs693	GENE70	Neuron	1e-12	0.6
rs693	GENE70	Astrocyte	0.01	0.1
rs694	GENE70	Neuron	1e-12	0.6
rs694	GENE70	Astrocyte	0.01	0.1
rs695	GENE70	Neuron	1e-12	0.6
rs695	GENE70	Astrocyte	0.01	0.1
rs696	GENE70	Neuron	1e-12	0.6
rs696	GENE70	Astrocyte	0.01	0.1
rs697	GENE70	Neuron	1e-12	0.6
rs697	GENE70	Astrocyte	0.01	0.1
rs698	GENE70	Neuron	1e-12	0.6
rs698	GENE70	Astrocyte	0.01	0.1
rs699	GENE70	Neuron	1e-12	0.6
rs699	GENE70	Astrocyte	0.01	0.1
rs700	GENE71	Neuron	1e-12	0.6
rs700	GENE71	Astrocyte	0.01	0.1
rs701	GENE71	Neuron	1e-12	0.6
rs701	GENE71	Astrocyte	0.01	0.1
rs702	GENE71	Neuron	1e-12	0.6
rs702	GENE71	Astrocyte	0.01	0.1
rs703	GENE71	Neuron	1e-12	0.6
rs703	GENE71	Astrocyte	0.01	0.1
rs704	GENE71	Neuron	1e-12	0.6
rs704	GENE71	Astrocyte	0.01	0.1
rs705	GENE71	Neuron	1e-12	0.6
rs705	GENE71	Astrocyte	0.01	0.1
rs706	GENE71	Neuron	1e-12	0.6
rs706	GENE71	Astrocyte	0.01	0.1
rs707	GENE71	Neuron	1e-12	0.6
rs707	GENE71	Astrocyte	0.01	0.1
rs708	GENE71	Neuron	1e-12	0.6
rs708	GENE71	Astrocyte	0.01	0.1
rs709	GENE71	Neuron	1e-12	0.6
rs709	GENE71	Astrocyte	0.01	0.1
rs710	GENE72	Neuron	1e-12	0.6
rs710	GENE72	Astrocyte	0.01	0.1
rs711	GENE72	Neuron	1e-12	0.6
rs711	GENE72	Astrocyte	0.01	0.1
rs712	GENE72	Neuron	1e-12	0.6
rs712	GENE72	Astrocyte	0.01	0.1
rs713	GENE72	Neuron	1e-12	0.6
rs713	GENE72	Astrocyte	0.01	0.1
rs714	GENE72	Neuron	1e-12	0.6
rs714	GENE72	Astrocyte	0.01	0.1
rs715	GENE72	Neuron	1e-12	0.6
rs715	GENE72	Astrocyte	0.01	0.1
rs716	GENE72	Neuron	1e-12	0.6
rs716	GENE72	Astrocyte	0.01	0.1
rs717	GENE72	Neuron	1e-12	0.6
rs717	GENE72	Astrocyte	0.01	0.1
rs718	GENE72	Neuron	1e-12	0.6
rs718	GENE72	Astrocyte	0.01	0.1
rs719	GENE72	Neuron	1e-12	0.6
rs719	GENE72	Astrocyte	0.01	0.1
rs720	GENE73	Neuron	1e-12	0.6
rs720	GENE73	Astrocyte	0.01	0.1
rs721	GENE73	Neuron	1e-12	0.6
rs721	GENE73	Astrocyte	0.01	0.1
rs722	GENE73	Neuron	1e-12	0.6
rs722	GENE73	Astrocyte	0.01	0.1
rs723	GENE73	Neuron	1e-12	0.6
rs723	GENE73	Astrocyte	0.01	0.1
rs724	GENE73	Neuron	1e-12	0.6
rs724	GENE73	Astrocyte	0.01	0.1
rs725	GENE73	Neuron	1e-12	0.6
rs725	GENE73	Astrocyte	0.01	0.1
rs726	GENE73	Neuron	1e-12	0.6
rs726	GENE73	Astrocyte	0.01	0.1
rs727	GENE73	Neuron	1e-12	0.6
rs727	GENE73	Astrocyte	0.01	0.1
rs728	GENE73	Neuron	1e-12	0.6
rs728	GENE73	Astrocyte	0.01	0.1
rs729	GENE73	Neuron	1e-12	0.6
rs729	GENE73	Astrocyte	0.01	0.1
rs730	GENE74	Neuron	1e-12	0.6
rs730	GENE74	Astrocyte	0.01	0.1
rs731	GENE74	Neuron	1e-12	0.6
rs731	GENE74	Astrocyte	0.01	0.1
rs732	GENE74	Neuron	1e-12	0.6
rs732	GENE74	Astrocyte	0.01	0.1
rs733	GENE74	Neuron	1e-12	0.6
rs733	GENE74	Astrocyte	0.01	0.1
rs734	GENE74	Neuron	1e-12	0.6
rs734	GENE74	Astrocyte	0.01	0.1
rs735	GENE74	Neuron	1e-12	0.6
rs735	GENE74	Astrocyte	0.01	0.1
rs736	GENE74	Neuron	1e-12	0.6
rs736	GENE74	Astrocyte	0.01	0.1
rs737	GENE74	Neuron	1e-12	0.6
rs737	GENE74	Astrocyte	0.01	0.1
rs738	GENE74	Neuron	1e-12	0.6
rs738	GENE74	Astrocyte	0.01	0.1
rs739	GENE74	Neuron	1e-12	0.6
rs739	GENE74	Astrocyte	0.01	0.1
rs740	GENE75	Neuron	1e-12	0.6
rs740	GENE75	Astrocyte	0.01	0.1
rs741	GENE75	Neuron	1e-12	0.6
rs741	GENE75	Astrocyte	0.01	0.1
rs742	GENE75	Neuron	1e-12	0.6
rs742	GENE75	Astrocyte	0.01	0.1
rs743	GENE75	Neuron	1e-12	0.6
rs743	GENE75	Astrocyte	0.01	0.1
rs744	GENE75	Neuron	1e-12	0.6
rs744	GENE75	Astrocyte	0.01	0.1
rs745	GENE75	Neuron	1e-12	0.6
rs745	GENE75	Astrocyte	0.01	0.1
rs746	GENE75	Neuron	1e-12	0.6
rs746	GENE75	Astrocyte	0.01	0.1
rs747	GENE75	Neuron	1e-12	0.6
rs747	GENE75	Astrocyte	0.01	0.1
rs748	GENE75	Neuron	1e-12	0.6
rs748	GENE75	Astrocyte	0.01	0.1
rs749	GENE75	Neuron	1e-12	0.6
rs749	GENE75	Astrocyte	0.01	0.1
rs750	GENE76	Neuron	1e-12	0.6
rs750	GENE76	Astrocyte	0.01	0.1
rs751	GENE76	Neuron	1e-12	0.6
rs751	GENE76	Astrocyte	0.01	0.1
rs752	GENE76	Neuron	1e-12	0.6
rs752	GENE76	Astrocyte	0.01	0.1
rs753	GENE76	Neuron	1e-12	0.6
rs753	GENE76	Astrocyte	0.01	0.1
rs754	GENE76	Neuron	1e-12	0.6
rs754	GENE76	Astrocyte	0.01	0.1
rs755	GENE76	Neuron	1e-12	0.6
rs755	GENE76	Astrocyte	0.01	0.1
rs756	GENE76	Neuron	1e-12	0.6
rs756	GENE76	Astrocyte	0.01	0.1
rs757	GENE76	Neuron	1e-12	0.6
rs757	GENE76	Astrocyte	0.01	0.1
rs758	GENE76	Neuron	1e-12	0.6
rs758	GENE76	Astrocyte	0.01	0.1
rs759	GENE76	Neuron	1e-12	0.6
rs759	GENE76	Astrocyte	0.01	0.1
rs760	GENE77	Neuron	1e-12	0.6
rs760	GENE77	Astrocyte	0.01	0.1
rs761	GENE77	Neuron	1e-12	0.6
rs761	GENE77	Astrocyte	0.01	0.1
rs762	GENE77	Neuron	1e-12	0.6
rs762	GENE77	Astrocyte	0.01	0.1
rs763	GENE77	Neuron	1e-12	0.6
rs763	GENE77	Astrocyte	0.01	0.1
rs764	GENE77	Neuron	1e-12	0.6
rs764	GENE77	Astrocyte	0.01	0.1
rs765	GENE77	Neuron	1e-12	0.6
rs765	GENE77	Astrocyte	0.01	0.1
rs766	GENE77	Neuron	1e-12	0.6
rs766	GENE77	Astrocyte	0.01	0.1
rs767	GENE77	Neuron	1e-12	0.6
rs767	GENE77	Astrocyte	0.01	0.1
rs768	GENE77	Neuron	1e-12	0.6
rs768	GENE77	Astrocyte	0.01	0.1
rs769	GENE77	Neuron	1e-12	0.6
rs769	GENE77	Astrocyte	0.01	0.1
rs770	GENE78	Neuron	1e-12	0.6
rs770	GENE78	Astrocyte	0.01	0.1
rs771	GENE78	Neuron	1e-12	0.6
rs771	GENE78	Astrocyte	0.01	0.1
rs772	GENE78	Neuron	1e-12	0.6
rs772	GENE78	Astrocyte	0.01	0.1
rs773	GENE78	Neuron	1e-12	0.6
rs773	GENE78	Astrocyte	0.01	0.1
rs774	GENE78	Neuron	1e-12	0.6
rs774	GENE78	Astrocyte	0.01	0.1
rs775	GENE78	Neuron	1e-12	0.6
rs775	GENE78	Astrocyte	0.01	0.1
rs776	GENE78	Neuron	1e-12	0.6
rs776	GENE78	Astrocyte	0.01	0.1
rs777	GENE78	Neuron	1e-12	0.6
rs777	GENE78	Astrocyte	0.01	0.1
rs778	GENE78	Neuron	1e-12	0.6
rs778	GENE78	Astrocyte	0.01	0.1
rs779	GENE78	Neuron	1e-12	0.6
rs779	GENE78	Astrocyte	0.01	0.1
rs780	GENE79	Neuron	1e-12	0.6
rs780	GENE79	Astrocyte	0.01	0.1
rs781	GENE79	Neuron	1e-12	0.6
rs781	GENE79	Astrocyte	0.01	0.1
rs782	GENE79	Neuron	1e-12	0.6
rs782	GENE79	Astrocyte	0.01	0.1
rs783	GENE79	Neuron	1e-12	0.6
rs783	GENE79	Astrocyte	0.01	0.1
rs784	GENE79	Neuron	1e-12	0.6
rs784	GENE79	Astrocyte	0.01	0.1
rs785	GENE79	Neuron	1e-12	0.6
rs785	GENE79	Astrocyte	0.01	0.1
rs786	GENE79	Neuron	1e-12	0.6
rs786	GENE79	Astrocyte	0.01	0.1
rs787	GENE79	Neuron	1e-12	0.6
rs787	GENE79	Astrocyte	0.01	0.1
rs788	GENE79	Neuron	1e-12	0.6
rs788	GENE79	Astrocyte	0.01	0.1
rs789	GENE79	Neuron	1e-12	0.6
rs789	GENE79	Astrocyte	0.01	0.1
rs790	GENE80	Neuron	1e-12	0.6
rs790	GENE80	Astrocyte	0.01	0.1
rs791	GENE80	Neuron	1e-12	0.6
rs791	GENE80	Astrocyte	0.01	0.1
rs792	GENE80	Neuron	1e-12	0.6
rs792	GENE80	Astrocyte	0.01	0.1
rs793	GENE80	Neuron	1e-12	0.6
rs793	GENE80	Astrocyte	0.01	0.1
rs794	GENE80	Neuron	1e-12	0.6
rs794	GENE80	Astrocyte	0.01	0.1
rs795	GENE80	Neuron	1e-12	0.6
rs795	GENE80	Astrocyte	0.01	0.1
rs796	GENE80	Neuron	1e-12	0.6
rs796	GENE80	Astrocyte	0.01	0.1
rs797	GENE80	Neuron	1e-12	0.6
rs797	GENE80	Astrocyte	0.01	0.1
rs798	GENE80	Neuron	1e-12	0.6
rs798	GENE80	Astrocyte	0.01	0.1
rs799	GENE80	Neuron	1e-12	0.6
rs799	GENE80	Astrocyte	0.01	0.1
rs800	GENE81	Neuron	1e-12	0.6
rs800	GENE81	Astrocyte	0.01	0.1
rs801	GENE81	Neuron	1e-12	0.6
rs801	GENE81	Astrocyte	0.01	0.1
rs802	GENE81	Neuron	1e-12	0.6
rs802	GENE81	Astrocyte	0.01	0.1
rs803	GENE81	Neuron	1e-12	0.6
rs803	GENE81	Astrocyte	0.01	0.1
rs804	GENE81	Neuron	1e-12	0.6
rs804	GENE81	Astrocyte	0.01	0.1
rs805	GENE81	Neuron	1e-12	0.6
rs805	GENE81	Astrocyte	0.01	0.1
rs806	GENE81	Neuron	1e-12	0.6
rs806	GENE81	Astrocyte	0.01	0.1
rs807	GENE81	Neuron	1e-12	0.6
rs807	GENE81	Astrocyte	0.01	0.1
rs808	GENE81	Neuron	1e-12	0.6
rs808	GENE81	Astrocyte	0.01	0.1
rs809	GENE81	Neuron	1e-12	0.6
rs809	GENE81	Astrocyte	0.01	0.1
rs810	GENE82	Neuron	1e-12	0.6
rs810	GENE82	Astrocyte	0.01	0.1
rs811	GENE82	Neuron	1e-12	0.6
rs811	GENE82	Astrocyte	0.01	0.1
rs812	GENE82	Neuron	1e-12	0.6
rs812	GENE82	Astrocyte	0.01	0.1
rs813	GENE82	Neuron	1e-12	0.6
rs813	GENE82	Astrocyte	0.01	0.1
rs814	GENE82	Neuron	1e-12	0.6
rs814	GENE82	Astrocyte	0.01	0.1
rs815	GENE82	Neuron	1e-12	0.6
rs815	GENE82	Astrocyte	0.01	0.1
rs816	GENE82	Neuron	1e-12	0.6
rs816	GENE82	Astrocyte	0.01	0.1
rs817	GENE82	Neuron	1e-12	0.6
rs817	GENE82	Astrocyte	0.01	0.1
rs818	GENE82	Neuron	1e-12	0.6
rs818	GENE82	Astrocyte	0.01	0.1
rs819	GENE82	Neuron	1e-12	0.6
rs819	GENE82	Astrocyte	0.01	0.1
rs820	GENE83	Neuron	1e-12	0.6
rs820	GENE83	Astrocyte	0.01	0.1
rs821	GENE83	Neuron	1e-12	0.6
rs821	GENE83	Astrocyte	0.01	0.1
rs822	GENE83	Neuron	1e-12	0.6
rs822	GENE83	Astrocyte	0.01	0.1
rs823	GENE83	Neuron	1e-12	0.6
rs823	GENE83	Astrocyte	0.01	0.1
rs824	GENE83	Neuron	1e-12	0.6
rs824	GENE83	Astrocyte	0.01	0.1
rs825	GENE83	Neuron	1e-12	0.6
rs825	GENE83	Astrocyte	0.01	0.1
rs826	GENE83	Neuron	1e-12	0.6
rs826	GENE83	Astrocyte	0.01	0.1
rs827	GENE83	Neuron	1e-12	0.6
rs827	GENE83	Astrocyte	0.01	0.1
rs828	GENE83	Neuron	1e-12	0.6
rs828	GENE83	Astrocyte	0.01	0.1
rs829	GENE83	Neuron	1e-12	0.6
rs829	GENE83	Astrocyte	0.01	0.1
rs830	GENE84	Neuron	1e-12	0.6
rs830	GENE84	Astrocyte	0.01	0.1
rs831	GENE84	Neuron	1e-12	0.6
rs831	GENE84	Astrocyte	0.01	0.1
rs832	GENE84	Neuron	1e-12	0.6
rs832	GENE84	Astrocyte	0.01	0.1
rs833	GENE84	Neuron	1e-12	0.6
rs833	GENE84	Astrocyte	0.01	0.1
rs834	GENE84	Neuron	1e-12	0.6
rs834	GENE84	Astrocyte	0.01	0.1
rs835	GENE84	Neuron	1e-12	0.6
rs835	GENE84	Astrocyte	0.01	0.1
rs836	GENE84	Neuron	1e-12	0.6
rs836	GENE84	Astrocyte	0.01	0.1
rs837	GENE84	Neuron	1e-12	0.6
rs837	GENE84	Astrocyte	0.01	0.1
rs838	GENE84	Neuron	1e-12	0.6
rs838	GENE84	Astrocyte	0.01	0.1
rs839	GENE84	Neuron	1e-12	0.6
rs839	GENE84	Astrocyte	0.01	0.1
rs840	GENE85	Neuron	1e-12	0.6
rs840	GENE85	Astrocyte	0.01	0.1
rs841	GENE85	Neuron	1e-12	0.6
rs841	GENE85	Astrocyte	0.01	0.1
rs842	GENE85	Neuron	1e-12	0.6
rs842	GENE85	Astrocyte	0.01	0.1
rs843	GENE85	Neuron	1e-12	0.6
rs843	GENE85	Astrocyte	0.01	0.1
rs844	GENE85	Neuron	1e-12	0.6
rs844	GENE85	Astrocyte	0.01	0.1
rs845	GENE85	Neuron	1e-12	0.6
rs845	GENE85	Astrocyte	0.01	0.1
rs846	GENE85	Neuron	1e-12	0.6
rs846	GENE85	Astrocyte	0.01	0.1
rs847	GENE85	Neuron	1e-12	0.6
rs847	GENE85	Astrocyte	0.01	0.1
rs848	GENE85	Neuron	1e-12	0.6
rs848	GENE85	Astrocyte	0.01	0.1
rs849	GENE85	Neuron	1e-12	0.6
rs849	GENE85	Astrocyte	0.01	0.1
rs850	GENE86	Neuron	1e-12	0.6
rs850	GENE86	Astrocyte	0.01	0.1
rs851	GENE86	Neuron	1e-12	0.6
rs851	GENE86	Astrocyte	0.01	0.1
rs852	GENE86	Neuron	1e-12	0.6
rs852	GENE86	Astrocyte	0.01	0.1
rs853	GENE86	Neuron	1e-12	0.6
rs853	GENE86	Astrocyte	0.01	0.1
rs854	GENE86	Neuron	1e-12	0.6
rs854	GENE86	Astrocyte	0.01	0.1
rs855	GENE86	Neuron	1e-12	0.6
rs855	GENE86	Astrocyte	0.01	0.1
rs856	GENE86	Neuron	1e-12	0.6
rs856	GENE86	Astrocyte	0.01	0.1
rs857	GENE86	Neuron	1e-12	0.6
rs857	GENE86	Astrocyte	0.01	0.1
rs858	GENE86	Neuron	1e-12	0.6
rs858	GENE86	Astrocyte	0.01	0.1
rs859	GENE86	Neuron	1e-12	0.6
rs859	GENE86	Astrocyte	0.01	0.1
rs860	GENE87	Neuron	1e-12	0.6
rs860	GENE87	Astrocyte	0.01	0.1
rs861	GENE87	Neuron	1e-12	0.6
rs861	GENE87	Astrocyte	0.01	0.1
rs862	GENE87	Neuron	1e-12	0.6
rs862	GENE87	Astrocyte	0.01	0.1
rs863	GENE87	Neuron	1e-12	0.6
rs863	GENE87	Astrocyte	0.01	0.1
rs864	GENE87	Neuron	1e-12	0.6
rs864	GENE87	Astrocyte	0.01	0.1
rs865	GENE87	Neuron	1e-12	0.6
rs865	GENE87	Astrocyte	0.01	0.1
rs866	GENE87	Neuron	1e-12	0.6
rs866	GENE87	Astrocyte	0.01	0.1
rs867	GENE87	Neuron	1e-12	0.6
rs867	GENE87	Astrocyte	0.01	0.1
rs868	GENE87	Neuron	1e-12	0.6
rs868	GENE87	Astrocyte	0.01	0.1
rs869	GENE87	Neuron	1e-12	0.6
rs869	GENE87	Astrocyte	0.01	0.1
rs870	GENE88	Neuron	1e-12	0.6
rs870	GENE88	Astrocyte	0.01	0.1
rs871	GENE88	Neuron	1e-12	0.6
rs871	GENE88	Astrocyte	0.01	0.1
rs872	GENE88	Neuron	1e-12	0.6
rs872	GENE88	Astrocyte	0.01	0.1
rs873	GENE88	Neuron	1e-12	0.6
rs873	GENE88	Astrocyte	0.01	0.1
rs874	GENE88	Neuron	1e-12	0.6
rs874	GENE88	Astrocyte	0.01	0.1
rs875	GENE88	Neuron	1e-12	0.6
rs875	GENE88	Astrocyte	0.01	0.1
rs876	GENE88	Neuron	1e-12	0.6
rs876	GENE88	Astrocyte	0.01	0.1
rs877	GENE88	Neuron	1e-12	0.6
rs877	GENE88	Astrocyte	0.01	0.1
rs878	GENE88	Neuron	1e-12	0.6
rs878	GENE88	Astrocyte	0.01	0.1
rs879	GENE88	Neuron	1e-12	0.6
rs879	GENE88	Astrocyte	0.01	0.1
rs880	GENE89	Neuron	1e-12	0.6
rs880	GENE89	Astrocyte	0.01	0.1
rs881	GENE89	Neuron	1e-12	0.6
rs881	GENE89	Astrocyte	0.01	0.1
rs882	GENE89	Neuron	1e-12	0.6
rs882	GENE89	Astrocyte	0.01	0.1
rs883	GENE89	Neuron	1e-12	0.6
rs883	GENE89	Astrocyte	0.01	0.1
rs884	GENE89	Neuron	1e-12	0.6
rs884	GENE89	Astrocyte	0.01	0.1
rs885	GENE89	Neuron	1e-12	0.6
rs885	GENE89	Astrocyte	0.01	0.1
rs886	GENE89	Neuron	1e-12	0.6
rs886	GENE89	Astrocyte	0.01	0.1
rs887	GENE89	Neuron	1e-12	0.6
rs887	GENE89	Astrocyte	0.01	0.1
rs888	GENE89	Neuron	1e-12	0.6
rs888	GENE89	Astrocyte	0.01	0.1
rs889	GENE89	Neuron	1e-12	0.6
rs889	GENE89	Astrocyte	0.01	0.1
rs890	GENE90	Neuron	1e-12	0.6
rs890	GENE90	Astrocyte	0.01	0.1
rs891	GENE90	Neuron	1e-12	0.6
rs891	GENE90	Astrocyte	0.01	0.1
rs892	GENE90	Neuron	1e-12	0.6
rs892	GENE90	Astrocyte	0.01	0.1
rs893	GENE90	Neuron	1e-12	0.6
rs893	GENE90	Astrocyte	0.01	0.1
rs894	GENE90	Neuron	1e-12	0.6
rs894	GENE90	Astrocyte	0.01	0.1
rs895	GENE90	Neuron	1e-12	0.6
rs895	GENE90	Astrocyte	0.01	0.1
rs896	GENE90	Neuron	1e-12	0.6
rs896	GENE90	Astrocyte	0.01	0.1
rs897	GENE90	Neuron	1e-12	0.6
rs897	GENE90	Astrocyte	0.01	0.1
rs898	GENE90	Neuron	1e-12	0.6
rs898	GENE90	Astrocyte	0.01	0.1
rs899	GENE90	Neuron	1e-12	0.6
rs899	GENE90	Astrocyte	0.01	0.1
rs900	GENE91	Neuron	1e-12	0.6
rs900	GENE91	Astrocyte	0.01	0.1
rs901	GENE91	Neuron	1e-12	0.6
rs901	GENE91	Astrocyte	0.01	0.1
rs902	GENE91	Neuron	1e-12	0.6
rs902	GENE91	Astrocyte	0.01	0.1
rs903	GENE91	Neuron	1e-12	0.6
rs903	GENE91	Astrocyte	0.01	0.1
rs904	GENE91	Neuron	1e-12	0.6
rs904	GENE91	Astrocyte	0.01	0.1
rs905	GENE91	Neuron	1e-12	0.6
rs905	GENE91	Astrocyte	0.01	0.1
rs906	GENE91	Neuron	1e-12	0.6
rs906	GENE91	Astrocyte	0.01	0.1
rs907	GENE91	Neuron	1e-12	0.6
rs907	GENE91	Astrocyte	0.01	0.1
rs908	GENE91	Neuron	1e-12	0.6
rs908	GENE91	Astrocyte	0.01	0.1
rs909	GENE91	Neuron	1e-12	0.6
rs909	GENE91	Astrocyte	0.01	0.1
rs910	GENE92	Neuron	1e-12	0.6
rs910	GENE92	Astrocyte	0.01	0.1
rs911	GENE92	Neuron	1e-12	0.6
rs911	GENE92	Astrocyte	0.01	0.1
rs912	GENE92	Neuron	1e-12	0.6
rs912	GENE92	Astrocyte	0.01	0.1
rs913	GENE92	Neuron	1e-12	0.6
rs913	GENE92	Astrocyte	0.01	0.1
rs914	GENE92	Neuron	1e-12	0.6
rs914	GENE92	Astrocyte	0.01	0.1
rs915	GENE92	Neuron	1e-12	0.6
rs915	GENE92	Astrocyte	0.01	0.1
rs916	GENE92	Neuron	1e-12	0.6
rs916	GENE92	Astrocyte	0.01	0.1
rs917	GENE92	Neuron	1e-12	0.6
rs917	GENE92	Astrocyte	0.01	0.1
rs918	GENE92	Neuron	1e-12	0.6
rs918	GENE92	Astrocyte	0.01	0.1
rs919	GENE92	Neuron	1e-12	0.6
rs919	GENE92	Astrocyte	0.01	0.1
rs920	GENE93	Neuron	1e-12	0.6
rs920	GENE93	Astrocyte	0.01	0.1
rs921	GENE93	Neuron	1e-12	0.6
rs921	GENE93	Astrocyte	0.01	0.1
rs922	GENE93	Neuron	1e-12	0.6
rs922	GENE93	Astrocyte	0.01	0.1
rs923	GENE93	Neuron	1e-12	0.6
rs923	GENE93	Astrocyte	0.01	0.1
rs924	GENE93	Neuron	1e-12	0.6
rs924	GENE93	Astrocyte	0.01	0.1
rs925	GENE93	Neuron	1e-12	0.6
rs925	GENE93	Astrocyte	0.01	0.1
rs926	GENE93	Neuron	1e-12	0.6
rs926	GENE93	Astrocyte	0.01	0.1
rs927	GENE93	Neuron	1e-12	0.6
rs927	GENE93	Astrocyte	0.01	0.1
rs928	GENE93	Neuron	1e-12	0.6
rs928	GENE93	Astrocyte	0.01	0.1
rs929	GENE93	Neuron	1e-12	0.6
rs929	GENE93	Astrocyte	0.01	0.1
rs930	GENE94	Neuron	1e-12	0.6
rs930	GENE94	Astrocyte	0.01	0.1
rs931	GENE94	Neuron	1e-12	0.6
rs931	GENE94	Astrocyte	0.01	0.1
rs932	GENE94	Neuron	1e-12	0.6
rs932	GENE94	Astrocyte	0.01	0.1
rs933	GENE94	Neuron	1e-12	0.6
rs933	GENE94	Astrocyte	0.01	0.1
rs934	GENE94	Neuron	1e-12	0.6
rs934	GENE94	Astrocyte	0.01	0.1
rs935	GENE94	Neuron	1e-12	0.6
rs935	GENE94	Astrocyte	0.01	0.1
rs936	GENE94	Neuron	1e-12	0.6
rs936	GENE94	Astrocyte	0.01	0.1
rs937	GENE94	Neuron	1e-12	0.6
rs937	GENE94	Astrocyte	0.01	0.1
rs938	GENE94	Neuron	1e-12	0.6
rs938	GENE94	Astrocyte	0.01	0.1
rs939	GENE94	Neuron	1e-12	0.6
rs939	GENE94	Astrocyte	0.01	0.1
rs940	GENE95	Neuron	1e-12	0.6
rs940	GENE95	Astrocyte	0.01	0.1
rs941	GENE95	Neuron	1e-12	0.6
rs941	GENE95	Astrocyte	0.01	0.1
rs942	GENE95	Neuron	1e-12	0.6
rs942	GENE95	Astrocyte	0.01	0.1
rs943	GENE95	Neuron	1e-12	0.6
rs943	GENE95	Astrocyte	0.01	0.1
rs944	GENE95	Neuron	1e-12	0.6
rs944	GENE95	Astrocyte	0.01	0.1
rs945	GENE95	Neuron	1e-12	0.6
rs945	GENE95	Astrocyte	0.01	0.1
rs946	GENE95	Neuron	1e-12	0.6
rs946	GENE95	Astrocyte	0.01	0.1
rs947	GENE95	Neuron	1e-12	0.6
rs947	GENE95	Astrocyte	0.01	0.1
rs948	GENE95	Neuron	1e-12	0.6
rs948	GENE95	Astrocyte	0.01	0.1
rs949	GENE95	Neuron	1e-12	0.6
rs949	GENE95	Astrocyte	0.01	0.1
rs950	GENE96	Neuron	1e-12	0.6
rs950	GENE96	Astrocyte	0.01	0.1
rs951	GENE96	Neuron	1e-12	0.6
rs951	GENE96	Astrocyte	0.01	0.1
rs952	GENE96	Neuron	1e-12	0.6
rs952	GENE96	Astrocyte	0.01	0.1
rs953	GENE96	Neuron	1e-12	0.6
rs953	GENE96	Astrocyte	0.01	0.1
rs954	GENE96	Neuron	1e-12	0.6
rs954	GENE96	Astrocyte	0.01	0.1
rs955	GENE96	Neuron	1e-12	0.6
rs955	GENE96	Astrocyte	0.01	0.1
rs956	GENE96	Neuron	1e-12	0.6
rs956	GENE96	Astrocyte	0.01	0.1
rs957	GENE96	Neuron	1e-12	0.6
rs957	GENE96	Astrocyte	0.01	0.1
rs958	GENE96	Neuron	1e-12	0.6
rs958	GENE96	Astrocyte	0.01	0.1
rs959	GENE96	Neuron	1e-12	0.6
rs959	GENE96	Astrocyte	0.01	0.1
rs960	GENE97	Neuron	1e-12	0.6
rs960	GENE97	Astrocyte	0.01	0.1
rs961	GENE97	Neuron	1e-12	0.6
rs961	GENE97	Astrocyte	0.01	0.1
rs962	GENE97	Neuron	1e-12	0.6
rs962	GENE97	Astrocyte	0.01	0.1
rs963	GENE97	Neuron	1e-12	0.6
rs963	GENE97	Astrocyte	0.01	0.1
rs964	GENE97	Neuron	1e-12	0.6
rs964	GENE97	Astrocyte	0.01	0.1
rs965	GENE97	Neuron	1e-12	0.6
rs965	GENE97	Astrocyte	0.01	0.1
rs966	GENE97	Neuron	1e-12	0.6
rs966	GENE97	Astrocyte	0.01	0.1
rs967	GENE97	Neuron	1e-12	0.6
rs967	GENE97	Astrocyte	0.01	0.1
rs968	GENE97	Neuron	1e-12	0.6
rs968	GENE97	Astrocyte	0.01	0.1
rs969	GENE97	Neuron	1e-12	0.6
rs969	GENE97	Astrocyte	0.01	0.1
rs970	GENE98	Neuron	1e-12	0.6
rs970	GENE98	Astrocyte	0.01	0.1
rs971	GENE98	Neuron	1e-12	0.6
rs971	GENE98	Astrocyte	0.01	0.1
rs972	GENE98	Neuron	1e-12	0.6
rs972	GENE98	Astrocyte	0.01	0.1
rs973	GENE98	Neuron	1e-12	0.6
rs973	GENE98	Astrocyte	0.01	0.1
rs974	GENE98	Neuron	1e-12	0.6
rs974	GENE98	Astrocyte	0.01	0.1
rs975	GENE98	Neuron	1e-12	0.6
rs975	GENE98	Astrocyte	0.01	0.1
rs976	GENE98	Neuron	1e-12	0.6
rs976	GENE98	Astrocyte	0.01	0.1
rs977	GENE98	Neuron	1e-12	0.6
rs977	GENE98	Astrocyte	0.01	0.1
rs978	GENE98	Neuron	1e-12	0.6
rs978	GENE98	Astrocyte	0.01	0.1
rs979	GENE98	Neuron	1e-12	0.6
rs979	GENE98	Astrocyte	0.01	0.1
rs980	GENE99	Neuron	1e-12	0.6
rs980	GENE99	Astrocyte	0.01	0.1
rs981	GENE99	Neuron	1e-12	0.6
rs981	GENE99	Astrocyte	0.01	0.1
rs982	GENE99	Neuron	1e-12	0.6
rs982	GENE99	Astrocyte	0.01	0.1
rs983	GENE99	Neuron	1e-12	0.6
rs983	GENE99	Astrocyte	0.01	0.1
rs984	GENE99	Neuron	1e-12	0.6
rs984	GENE99	Astrocyte	0.01	0.1
rs985	GENE99	Neuron	1e-12	0.6
rs985	GENE99	Astrocyte	0.01	0.1
rs986	GENE99	Neuron	1e-12	0.6
rs986	GENE99	Astrocyte	0.01	0.1
rs987	GENE99	Neuron	1e-12	0.6
rs987	GENE99	Astrocyte	0.01	0.1
rs988	GENE99	Neuron	1e-12	0.6
rs988	GENE99	Astrocyte	0.01	0.1
rs989	GENE99	Neuron	1e-12	0.6
rs989	GENE99	Astrocyte	0.01	0.1
rs990	GENE100	Neuron	1e-12	0.6
rs990	GENE100	Astrocyte	0.01	0.1
rs991	GENE100	Neuron	1e-12	0.6
rs991	GENE100	Astrocyte	0.01	0.1
rs992	GENE100	Neuron	1e-12	0.6
rs992	GENE100	Astrocyte	0.01	0.1
rs993	GENE100	Neuron	1e-12	0.6
rs993	GENE100	Astrocyte	0.01	0.1
rs994	GENE100	Neuron	1e-12	0.6
rs994	GENE100	Astrocyte	0.01	0.1
rs995	GENE100	Neuron	1e-12	0.6
rs995	GENE100	Astrocyte	0.01	0.1
rs996	GENE100	Neuron	1e-12	0.6
rs996	GENE100	Astrocyte	0.01	0.1
rs997	GENE100	Neuron	1e-12	0.6
rs997	GENE100	Astrocyte	0.01	0.1
rs998	GENE100	Neuron	1e-12	0.6
rs998	GENE100	Astrocyte	0.01	0.1
rs999	GENE100	Neuron	1e-12	0.6
rs999	GENE100	Astrocyte	0.01	0.1
